ts,phase,level,online,restores,est_npkts
1786575992,disarmed,32.1,1,37,2131611
1786575993,disarmed,34.2,1,37,
1786575994,disarmed,35.9,1,37,
1786575995,disarmed,37.8,1,37,
1786575996,disarmed,40.1,1,37,
1786575997,disarmed,41.7,1,37,
1786575998,disarmed,43.3,1,37,
1786575999,disarmed,45.0,1,37,
1786576000,disarmed,46.5,1,37,
1786576001,disarmed,48.4,1,37,
1786576002,disarmed,49.9,1,37,
1786576003,disarmed,51.1,1,37,
1786576005,disarmed,52.5,1,37,
1786576006,disarmed,54.2,1,37,
1786576007,disarmed,55.4,1,37,
1786576008,disarmed,56.6,1,37,2134848
1786576009,disarmed,57.6,1,37,
1786576010,disarmed,58.8,1,37,
1786576011,disarmed,60.2,1,37,
1786576012,disarmed,61.2,1,37,
1786576013,disarmed,62.3,1,37,
1786576014,disarmed,63.2,1,37,
1786576015,disarmed,64.4,1,37,
1786576016,disarmed,65.3,1,37,
1786576017,disarmed,66.2,1,37,
1786576018,disarmed,67.1,1,37,
1786576019,disarmed,67.9,1,37,
1786576020,disarmed,68.7,1,37,
1786576021,disarmed,69.8,1,37,
1786576022,disarmed,70.5,1,37,
1786576023,disarmed,71.2,1,37,2138193
1786576024,disarmed,66.1,1,37,
1786576025,disarmed,61.2,1,37,
1786576026,disarmed,57.2,1,37,
1786576027,disarmed,53.7,1,37,
1786576028,disarmed,50.7,1,37,
1786576029,disarmed,47.2,1,37,
1786576030,disarmed,43.2,1,37,
1786576031,disarmed,39.9,1,37,
1786576032,disarmed,37.1,1,37,
1786576033,disarmed,34.2,1,37,
1786576034,disarmed,31.4,1,37,
1786576035,disarmed,28.1,1,37,
1786576036,disarmed,26.8,1,37,
1786576037,disarmed,29.4,1,37,
1786576038,disarmed,31.6,1,37,2141431
1786576039,disarmed,33.7,1,37,
1786576040,disarmed,36.3,1,37,
1786576041,disarmed,38.2,1,37,
1786576042,disarmed,39.9,1,37,
1786576043,disarmed,41.6,1,37,
1786576044,disarmed,43.1,1,37,
1786576045,disarmed,45.3,1,37,
1786576046,disarmed,46.7,1,37,
1786576047,disarmed,48.2,1,37,
1786576048,disarmed,49.6,1,37,
1786576049,disarmed,51.4,1,37,
1786576050,disarmed,52.7,1,37,
1786576051,disarmed,53.9,1,37,
1786576052,disarmed,55.3,1,37,
1786576053,disarmed,56.4,1,37,2144782
1786576054,disarmed,57.9,1,37,
1786576056,disarmed,59.1,1,37,
1786576057,disarmed,60.1,1,37,
1786576058,disarmed,61.2,1,37,
1786576059,disarmed,62.1,1,37,
1786576060,disarmed,63.4,1,37,
1786576061,disarmed,64.3,1,37,
1786576062,disarmed,65.3,1,37,
1786576063,disarmed,66.2,1,37,
1786576064,disarmed,67.0,1,37,
1786576065,disarmed,68.1,1,37,
1786576066,disarmed,68.9,1,37,
1786576067,disarmed,69.7,1,37,
1786576068,disarmed,70.4,1,37,
1786576069,disarmed,70.2,1,37,2148104
1786576070,disarmed,65.7,1,37,
1786576071,disarmed,61.9,1,37,
1786576072,disarmed,57.9,1,37,
1786576073,disarmed,54.6,1,37,
1786576074,disarmed,50.0,1,37,
1786576075,disarmed,47.0,1,37,
1786576076,disarmed,43.6,1,37,
1786576077,disarmed,40.5,1,37,
1786576078,disarmed,37.7,1,37,
1786576079,disarmed,33.9,1,37,
1786576080,disarmed,31.2,1,37,
1786576081,disarmed,28.6,1,37,
1786576082,disarmed,26.1,1,37,
1786576083,disarmed,29.1,1,37,
1786576084,disarmed,32.5,1,37,2151354
1786576085,disarmed,34.0,1,37,
1786576086,disarmed,35.8,1,37,
1786576087,disarmed,37.7,1,37,
1786576088,disarmed,39.4,1,37,
1786576089,disarmed,41.7,1,37,
1786576090,disarmed,43.3,1,37,
1786576091,disarmed,44.9,1,37,
1786576092,disarmed,46.3,1,37,
1786576093,disarmed,47.9,1,37,
1786576094,disarmed,49.8,1,37,
1786576095,disarmed,51.1,1,37,
1786576096,disarmed,52.4,1,37,
1786576097,disarmed,53.7,1,37,
1786576098,disarmed,55.0,1,37,
1786576099,disarmed,56.6,1,37,2154682
1786576100,disarmed,57.6,1,37,
1786576101,disarmed,58.8,1,37,
1786576102,disarmed,59.8,1,37,
1786576103,disarmed,60.9,1,37,
1786576104,disarmed,62.2,1,37,
1786576105,disarmed,63.2,1,37,
1786576106,disarmed,64.1,1,37,
1786576108,disarmed,65.0,1,37,
1786576109,disarmed,66.0,1,37,
1786576110,disarmed,67.0,1,37,
1786576111,disarmed,67.9,1,37,
1786576112,disarmed,68.8,1,37,
1786576113,disarmed,69.5,1,37,
1786576114,disarmed,70.3,1,37,
1786576115,disarmed,71.2,1,37,2157924
1786576116,disarmed,66.0,1,37,
1786576117,disarmed,62.4,1,37,
1786576118,disarmed,58.9,1,37,
1786576119,disarmed,55.7,1,37,
1786576120,disarmed,51.0,1,37,
1786576121,disarmed,47.5,1,37,
1786576122,disarmed,44.4,1,37,
1786576123,disarmed,41.2,1,37,
1786576124,disarmed,38.4,1,37,
1786576125,disarmed,34.5,1,37,
1786576126,disarmed,31.7,1,37,
1786576127,disarmed,29.1,1,37,
1786576128,disarmed,26.6,1,37,
1786576129,disarmed,29.7,1,37,
1786576130,disarmed,31.4,1,37,2161255
1786576131,disarmed,33.6,1,37,
1786576132,disarmed,35.5,1,37,
1786576133,disarmed,37.3,1,37,
1786576134,disarmed,39.1,1,37,
1786576135,disarmed,41.4,1,37,
1786576136,disarmed,43.1,1,37,
1786576137,disarmed,44.7,1,37,
1786576138,disarmed,46.2,1,37,
1786576139,disarmed,47.6,1,37,
1786576140,disarmed,49.6,1,37,
1786576141,disarmed,50.8,1,37,
1786576142,disarmed,52.2,1,37,
1786576143,disarmed,53.4,1,37,
1786576144,disarmed,55.1,1,37,
1786576145,disarmed,56.4,1,37,2164502
1786576146,disarmed,57.4,1,37,
1786576147,disarmed,58.6,1,37,
1786576148,disarmed,60.0,1,37,
1786576149,disarmed,60.9,1,37,
1786576150,disarmed,62.0,1,37,
1786576151,disarmed,63.0,1,37,
1786576152,disarmed,63.9,1,37,
1786576153,disarmed,65.2,1,37,
1786576154,disarmed,66.0,1,37,
1786576155,disarmed,66.9,1,37,
1786576156,disarmed,67.7,1,37,
1786576157,disarmed,68.6,1,37,
1786576158,disarmed,69.6,1,37,
1786576159,disarmed,70.3,1,37,
1786576161,disarmed,71.1,1,37,2167858
1786576162,disarmed,67.0,1,37,
1786576163,disarmed,63.6,1,37,
1786576164,disarmed,58.5,1,37,
1786576165,disarmed,55.6,1,37,
1786576166,disarmed,51.6,1,37,
1786576167,disarmed,48.4,1,37,
1786576168,disarmed,45.2,1,37,
1786576169,disarmed,40.9,1,37,
1786576170,disarmed,38.0,1,37,
1786576171,disarmed,35.1,1,37,
1786576172,disarmed,32.2,1,37,
1786576173,disarmed,29.8,1,37,
1786576174,disarmed,26.4,1,37,
1786576175,disarmed,29.1,1,37,
1786576176,disarmed,30.4,1,37,2171105
1786576177,disarmed,32.4,1,37,
1786576178,disarmed,34.5,1,37,
1786576179,disarmed,37.0,1,37,
1786576180,disarmed,38.8,1,37,
1786576181,disarmed,40.6,1,37,
1786576182,disarmed,42.2,1,37,
1786576183,disarmed,44.3,1,37,
1786576184,disarmed,45.9,1,37,
1786576185,disarmed,47.4,1,37,
1786576186,disarmed,48.9,1,37,
1786576187,disarmed,50.2,1,37,
1786576188,disarmed,51.6,1,37,
1786576189,disarmed,53.4,1,37,
1786576190,disarmed,54.5,1,37,
1786576191,disarmed,55.8,1,37,2174437
1786576192,disarmed,56.9,1,37,
1786576193,disarmed,58.1,1,37,
1786576194,disarmed,59.6,1,37,
1786576195,disarmed,60.5,1,37,
1786576196,disarmed,61.6,1,37,
1786576197,disarmed,62.5,1,37,
1786576198,disarmed,63.5,1,37,
1786576199,disarmed,64.7,1,37,
1786576200,disarmed,65.7,1,37,
1786576201,disarmed,66.6,1,37,
1786576202,disarmed,67.4,1,37,
1786576203,disarmed,68.2,1,37,
1786576204,disarmed,69.3,1,37,
1786576205,disarmed,70.0,1,37,
1786576206,disarmed,70.8,1,37,2177675
1786576207,disarmed,67.6,1,37,
1786576208,disarmed,63.6,1,37,
1786576209,disarmed,60.0,1,37,
1786576211,disarmed,56.2,1,37,
1786576212,disarmed,52.9,1,37,
1786576213,disarmed,49.4,1,37,
1786576214,disarmed,45.0,1,37,
1786576215,disarmed,42.1,1,37,
1786576216,disarmed,38.8,1,37,
1786576217,disarmed,35.9,1,37,
1786576218,disarmed,33.2,1,37,
1786576219,disarmed,29.8,1,37,
1786576220,disarmed,27.3,1,37,
1786576221,disarmed,28.1,1,37,
1786576222,disarmed,29.6,1,37,2181037
1786576223,disarmed,31.9,1,37,
1786576224,disarmed,34.3,1,37,
1786576225,disarmed,36.6,1,37,
1786576226,disarmed,38.5,1,37,
1786576227,disarmed,40.4,1,37,
1786576228,disarmed,41.9,1,37,
1786576229,disarmed,43.6,1,37,
1786576230,disarmed,45.6,1,37,
1786576231,disarmed,47.1,1,37,
1786576232,disarmed,48.5,1,37,
1786576233,disarmed,49.9,1,37,
1786576234,disarmed,51.3,1,37,
1786576235,disarmed,53.0,1,37,
1786576236,disarmed,54.3,1,37,
1786576237,disarmed,55.5,1,37,2184292
1786576238,disarmed,56.7,1,37,
1786576239,disarmed,58.2,1,37,
1786576240,disarmed,59.2,1,37,
1786576241,disarmed,60.3,1,37,
1786576242,disarmed,61.3,1,37,
1786576243,disarmed,62.3,1,37,
1786576244,disarmed,63.7,1,37,
1786576245,disarmed,64.6,1,37,
1786576246,disarmed,65.5,1,37,
1786576247,disarmed,66.3,1,37,
1786576248,disarmed,67.2,1,37,
1786576249,disarmed,68.3,1,37,
1786576250,disarmed,69.1,1,37,
1786576251,disarmed,69.9,1,37,
1786576252,disarmed,70.6,1,37,2187623
1786576253,disarmed,70.7,1,37,
1786576254,disarmed,64.5,1,37,
1786576255,disarmed,61.1,1,37,
1786576256,disarmed,57.0,1,37,
1786576257,disarmed,53.4,1,37,
1786576258,disarmed,50.1,1,37,
1786576259,disarmed,46.0,1,37,
1786576260,disarmed,42.6,1,37,
1786576261,disarmed,39.8,1,37,
1786576262,disarmed,36.8,1,37,
1786576263,disarmed,34.1,1,37,
1786576265,disarmed,30.4,1,37,
1786576266,disarmed,27.8,1,37,
1786576267,disarmed,25.8,1,37,
1786576268,disarmed,29.3,1,37,2190874
1786576269,disarmed,31.9,1,37,
1786576270,disarmed,34.2,1,37,
1786576271,disarmed,36.4,1,37,
1786576272,disarmed,38.0,1,37,
1786576273,disarmed,39.7,1,37,
1786576274,disarmed,42.0,1,37,
1786576275,disarmed,43.5,1,37,
1786576276,disarmed,45.2,1,37,
1786576277,disarmed,46.6,1,37,
1786576278,disarmed,48.5,1,37,
1786576279,disarmed,50.1,1,37,
1786576280,disarmed,51.3,1,37,
1786576281,disarmed,52.7,1,37,
1786576282,disarmed,53.8,1,37,
1786576283,disarmed,55.5,1,37,2194238
1786576284,disarmed,56.6,1,37,
1786576285,disarmed,57.8,1,37,
1786576286,disarmed,58.9,1,37,
1786576287,disarmed,60.0,1,37,
1786576288,disarmed,61.4,1,37,
1786576289,disarmed,62.3,1,37,
1786576290,disarmed,63.2,1,37,
1786576291,disarmed,64.2,1,37,
1786576292,armed,65.5,1,37,
1786576293,armed,66.3,1,37,
1786576294,armed,67.2,1,37,
1786576295,armed,68.0,1,37,
1786576296,armed,68.8,1,37,
1786576297,armed,69.9,1,37,
1786576298,armed,70.6,1,37,2197571
1786576299,armed,70.9,1,37,
1786576300,armed,66.0,1,37,
1786576301,armed,62.3,1,37,
1786576302,armed,57.1,1,37,
1786576303,armed,53.6,1,37,
1786576304,armed,50.2,1,37,
1786576305,armed,46.9,1,37,
1786576306,armed,43.6,1,37,
1786576307,armed,39.9,1,37,
1786576308,armed,36.8,1,37,
1786576309,armed,34.2,1,37,
1786576310,armed,31.4,1,37,
1786576311,armed,28.5,1,37,
1786576312,armed,26.2,1,37,
1786576313,armed,29.4,1,37,2200836
1786576314,armed,32.4,1,37,
1786576316,armed,34.2,1,37,
1786576317,armed,36.4,1,37,
1786576318,armed,38.1,1,37,
1786576319,armed,39.8,1,37,
1786576320,armed,41.6,1,37,
1786576321,armed,43.3,1,37,
1786576322,armed,45.3,1,37,
1786576323,armed,46.9,1,37,
1786576324,armed,48.4,1,37,
1786576325,armed,49.7,1,37,
1786576326,armed,51.1,1,37,
1786576327,armed,52.5,1,37,
1786576328,armed,54.1,1,37,
1786576329,armed,55.4,1,37,2204160
1786576330,armed,56.4,1,37,
1786576331,armed,57.6,1,37,
1786576332,armed,59.2,1,37,
1786576333,armed,60.2,1,37,
1786576334,armed,61.2,1,37,
1786576335,armed,62.2,1,37,
1786576336,armed,63.2,1,37,
1786576337,armed,64.4,1,37,
1786576338,armed,65.3,1,37,
1786576339,armed,66.1,1,37,
1786576340,armed,67.1,1,37,
1786576341,armed,67.9,1,37,
1786576342,armed,68.9,1,37,
1786576343,armed,69.7,1,37,
1786576344,armed,70.5,1,37,2207400
1786576345,armed,71.2,1,37,
1786576346,armed,65.5,1,37,
1786576347,armed,61.4,1,37,
1786576348,armed,57.5,1,37,
1786576349,armed,54.2,1,37,
1786576350,armed,49.9,1,37,
1786576351,armed,46.4,1,37,
1786576352,armed,43.0,1,37,
1786576353,armed,39.8,1,37,
1786576354,armed,37.2,1,37,
1786576355,armed,34.6,1,37,
1786576356,armed,30.9,1,37,
1786576357,armed,28.2,1,37,
1786576358,armed,25.9,1,37,
1786576359,armed,29.5,1,37,2210751
1786576360,armed,32.1,1,37,
1786576361,armed,34.5,1,37,
1786576362,armed,36.1,1,37,
1786576363,armed,38.0,1,37,
1786576364,armed,39.6,1,37,
1786576366,armed,42.0,1,37,
1786576367,armed,43.6,1,37,
1786576368,armed,45.2,1,37,
1786576369,armed,46.7,1,37,
1786576370,armed,48.2,1,37,
1786576371,armed,50.1,1,37,
1786576372,armed,51.3,1,37,
1786576373,armed,52.6,1,37,
1786576374,armed,53.9,1,37,
1786576375,armed,55.5,1,37,2214000
1786576376,armed,56.6,1,37,
1786576377,armed,57.8,1,37,
1786576378,armed,58.5,1,37,
1786576379,armed,60.1,1,37,
1786576380,armed,61.0,1,37,
1786576381,armed,62.4,1,37,
1786576382,armed,63.4,1,37,
1786576383,armed,64.3,1,37,
1786576384,armed,65.3,1,37,
1786576385,armed,66.1,1,37,
1786576386,armed,67.2,1,37,
1786576387,armed,68.1,1,37,
1786576388,armed,68.9,1,37,
1786576389,armed,69.7,1,37,
1786576390,armed,70.4,1,37,2217190
1786576391,armed,69.3,1,37,
1786576392,armed,65.5,1,37,
1786576393,armed,60.6,1,37,
1786576394,armed,57.5,1,37,
1786576395,armed,54.2,1,37,
1786576396,armed,49.7,1,37,
1786576397,armed,46.5,1,37,
1786576398,armed,43.3,1,37,
1786576399,armed,40.4,1,37,
1786576400,armed,36.3,1,37,
1786576401,armed,33.4,1,37,
1786576402,armed,31.0,1,37,
1786576403,armed,28.3,1,37,
1786576404,armed,26.1,1,37,
1786576405,armed,29.6,1,37,2220441
1786576406,armed,32.7,1,37,
1786576407,armed,34.2,1,37,
1786576408,armed,35.8,1,37,
1786576409,armed,37.7,1,37,
1786576410,armed,40.0,1,37,
1786576411,armed,41.7,1,37,
1786576412,armed,43.5,1,37,
1786576413,armed,44.9,1,37,
1786576414,armed,46.5,1,37,
1786576415,armed,48.4,1,37,
1786576417,armed,49.8,1,37,
1786576418,armed,51.0,1,37,
1786576419,armed,52.5,1,37,
1786576420,armed,54.1,1,37,
1786576421,armed,55.3,1,37,2223779
1786576422,armed,56.5,1,37,
1786576423,armed,57.6,1,37,
1786576424,armed,58.8,1,37,
1786576425,armed,60.2,1,37,
1786576426,armed,61.2,1,37,
1786576427,armed,62.2,1,37,
1786576428,armed,63.1,1,37,
1786576429,armed,64.2,1,37,
1786576430,armed,65.1,1,37,
1786576431,armed,66.3,1,37,
1786576432,armed,67.1,1,37,
1786576433,armed,68.0,1,37,
1786576434,armed,68.7,1,37,
1786576435,armed,69.6,1,37,
1786576436,armed,70.6,1,37,2227036
1786576437,armed,71.2,1,37,
1786576438,armed,66.0,1,37,
1786576439,armed,62.3,1,37,
1786576440,armed,58.4,1,37,
1786576441,armed,54.0,1,37,
1786576442,armed,50.5,1,37,
1786576443,armed,46.9,1,37,
1786576444,armed,43.9,1,37,
1786576445,armed,39.8,1,37,
1786576446,armed,37.2,1,37,
1786576447,armed,34.2,1,37,
1786576448,armed,31.5,1,37,
1786576449,armed,28.8,1,37,
1786576450,armed,25.8,1,37,
1786576451,armed,29.2,1,37,2230369
1786576452,armed,31.3,1,37,
1786576453,armed,33.4,1,37,
1786576454,armed,35.2,1,37,
1786576455,armed,37.7,1,37,
1786576456,armed,39.6,1,37,
1786576457,armed,41.2,1,37,
1786576458,armed,42.9,1,37,
1786576459,armed,45.1,1,37,
1786576460,armed,46.5,1,37,
1786576461,armed,48.0,1,37,
1786576462,armed,49.3,1,37,
1786576463,armed,50.8,1,37,
1786576464,armed,52.4,1,37,
1786576465,armed,53.8,1,37,
1786576467,armed,54.9,1,37,2233735
1786576468,armed,56.2,1,37,
1786576469,armed,57.4,1,37,
1786576470,armed,58.8,1,37,
1786576471,armed,59.9,1,37,
1786576472,armed,61.0,1,37,
1786576473,armed,61.9,1,37,
1786576474,armed,62.9,1,37,
1786576475,armed,64.2,1,37,
1786576476,armed,65.1,1,37,
1786576477,armed,66.1,1,37,
1786576478,armed,66.9,1,37,
1786576479,armed,67.7,1,37,
1786576480,armed,68.6,1,37,
1786576481,armed,69.6,1,37,
1786576482,armed,70.4,1,37,2236955
1786576483,armed,71.1,1,37,
1786576484,armed,65.6,1,37,
1786576485,armed,62.5,1,37,
1786576486,armed,58.4,1,37,
1786576487,armed,54.7,1,37,
1786576488,armed,51.5,1,37,
1786576489,armed,48.0,1,37,
1786576490,armed,44.0,1,37,
1786576491,armed,40.8,1,37,
1786576492,armed,37.6,1,37,
1786576493,armed,35.0,1,37,
1786576494,armed,32.0,1,37,
1786576495,armed,28.8,1,37,
1786576496,armed,26.2,1,37,
1786576497,armed,30.1,1,37,2240296
1786576498,armed,31.7,1,37,
1786576499,armed,33.6,1,37,
1786576500,armed,35.7,1,37,
1786576501,armed,37.2,1,37,
1786576502,armed,39.2,1,37,
1786576503,armed,40.8,1,37,
1786576504,armed,43.1,1,37,
1786576505,armed,44.8,1,37,
1786576506,armed,46.2,1,37,
1786576507,armed,47.7,1,37,
1786576508,armed,49.0,1,37,
1786576509,armed,50.9,1,37,
1786576510,armed,52.3,1,37,
1786576511,armed,53.5,1,37,
1786576512,armed,54.8,1,37,2243537
1786576513,armed,56.4,1,37,
1786576514,armed,57.5,1,37,
1786576515,armed,58.6,1,37,
1786576516,armed,59.6,1,37,
1786576517,armed,60.7,1,37,
1786576519,armed,62.0,1,37,
1786576520,armed,63.0,1,37,
1786576521,armed,64.0,1,37,
1786576522,armed,64.8,1,37,
1786576523,armed,66.1,1,37,
1786576524,armed,67.0,1,37,
1786576525,armed,67.7,1,37,
1786576526,armed,68.6,1,37,
1786576527,armed,69.4,1,37,
1786576528,armed,70.4,1,37,2246900
1786576529,armed,71.1,1,37,
1786576530,armed,65.5,1,37,
1786576531,armed,63.6,1,37,
1786576532,armed,60.0,1,37,
1786576533,armed,55.1,1,37,
1786576534,armed,51.7,1,37,
1786576535,armed,48.0,1,37,
1786576536,armed,45.1,1,37,
1786576537,armed,41.8,1,37,
1786576538,armed,37.7,1,37,
1786576539,armed,35.1,1,37,
1786576540,armed,32.5,1,37,
1786576541,armed,29.7,1,37,
1786576542,armed,26.5,1,37,
1786576543,armed,30.4,1,37,2250142
1786576544,armed,31.5,1,37,
1786576545,armed,32.7,1,37,
1786576546,armed,35.1,1,37,
1786576547,armed,37.0,1,37,
1786576548,armed,39.1,1,37,
1786576549,armed,40.9,1,37,
1786576550,armed,42.5,1,37,
1786576551,armed,44.2,1,37,
1786576552,armed,46.3,1,37,
1786576553,armed,47.7,1,37,
1786576554,armed,49.2,1,37,
1786576555,armed,50.4,1,37,
1786576556,armed,51.8,1,37,
1786576557,armed,53.5,1,37,
1786576558,armed,54.8,1,37,2253483
1786576559,armed,56.0,1,37,
1786576560,armed,57.1,1,37,
1786576561,armed,58.3,1,37,
1786576562,armed,59.6,1,37,
1786576563,armed,60.8,1,37,
1786576564,armed,61.7,1,37,
1786576565,armed,62.7,1,37,
1786576566,armed,63.9,1,37,
1786576567,armed,64.9,1,37,
1786576568,armed,65.7,1,37,
1786576569,armed,66.6,1,37,
1786576571,armed,67.5,1,37,
1786576572,armed,68.6,1,37,
1786576573,armed,69.4,1,37,
1786576574,armed,70.1,1,37,2256735
1786576575,armed,70.9,1,37,
1786576576,armed,67.5,1,37,
1786576577,armed,62.3,1,37,
1786576578,armed,59.2,1,37,
1786576579,armed,55.7,1,37,
1786576580,armed,52.1,1,37,
1786576581,armed,48.5,1,37,
1786576582,armed,44.6,1,37,
1786576583,armed,41.4,1,37,
1786576584,armed,38.5,1,37,
1786576585,armed,35.6,1,37,
1786576586,armed,33.0,1,37,
1786576587,armed,29.4,1,37,
1786576588,armed,27.0,1,37,
1786576589,armed,28.0,1,37,2260101
1786576590,armed,29.8,1,37,
1786576591,armed,33.1,1,37,
1786576592,disarmed,34.9,1,37,
1786576593,disarmed,36.9,1,37,
1786576594,disarmed,38.8,1,37,
1786576595,disarmed,40.6,1,37,
1786576596,disarmed,42.6,1,37,
1786576597,disarmed,44.3,1,37,
1786576598,disarmed,45.8,1,37,
1786576599,disarmed,47.4,1,37,
1786576600,disarmed,48.7,1,37,
1786576601,disarmed,50.6,1,37,
1786576602,disarmed,52.0,1,37,
1786576603,disarmed,53.1,1,37,
1786576604,disarmed,54.5,1,37,2263341
1786576605,disarmed,55.8,1,37,
1786576606,disarmed,57.2,1,37,
1786576607,disarmed,58.4,1,37,
1786576608,disarmed,59.4,1,37,
1786576609,disarmed,60.5,1,37,
1786576610,disarmed,61.4,1,37,
1786576611,disarmed,62.8,1,37,
1786576612,disarmed,63.8,1,37,
1786576613,disarmed,64.7,1,37,
1786576614,disarmed,65.6,1,37,
1786576615,disarmed,66.7,1,37,
1786576616,disarmed,67.5,1,37,
1786576617,disarmed,68.4,1,37,
1786576618,disarmed,69.2,1,37,
1786576619,disarmed,69.9,1,37,2266687
1786576621,disarmed,70.9,1,37,
1786576622,disarmed,67.9,1,37,
1786576623,disarmed,64.1,1,37,
1786576624,disarmed,60.7,1,37,
1786576625,disarmed,55.7,1,37,
1786576626,disarmed,52.3,1,37,
1786576627,disarmed,48.7,1,37,
1786576628,disarmed,45.7,1,37,
1786576629,disarmed,41.4,1,37,
1786576630,disarmed,38.6,1,37,
1786576631,disarmed,35.7,1,37,
1786576632,disarmed,33.0,1,37,
1786576633,disarmed,30.2,1,37,
1786576634,disarmed,26.9,1,37,
1786576635,disarmed,27.3,1,37,2270043
1786576636,disarmed,29.7,1,37,
1786576637,disarmed,31.8,1,37,
1786576638,disarmed,34.1,1,37,
1786576639,disarmed,36.9,1,37,
1786576640,disarmed,38.6,1,37,
1786576641,disarmed,40.3,1,37,
1786576642,disarmed,41.9,1,37,
1786576643,disarmed,44.1,1,37,
1786576644,disarmed,45.6,1,37,
1786576645,disarmed,47.2,1,37,
1786576646,disarmed,48.5,1,37,
1786576647,disarmed,50.0,1,37,
1786576648,disarmed,51.8,1,37,
1786576649,disarmed,53.0,1,37,
1786576650,disarmed,54.2,1,37,2273276
1786576651,disarmed,55.4,1,37,
1786576652,disarmed,56.7,1,37,
1786576653,disarmed,58.1,1,37,
1786576654,disarmed,59.3,1,37,
1786576655,disarmed,60.2,1,37,
1786576656,disarmed,61.3,1,37,
1786576657,disarmed,62.3,1,37,
1786576658,disarmed,63.6,1,37,
1786576659,disarmed,64.6,1,37,
1786576660,disarmed,65.4,1,37,
1786576661,disarmed,66.3,1,37,
1786576662,disarmed,67.4,1,37,
1786576663,disarmed,68.3,1,37,
1786576664,disarmed,69.1,1,37,
1786576665,disarmed,69.8,1,37,2276621
1786576666,disarmed,70.6,1,37,
1786576667,disarmed,67.6,1,37,
1786576668,disarmed,65.3,1,37,
1786576669,disarmed,61.1,1,37,
1786576670,disarmed,57.3,1,37,
1786576672,disarmed,54.1,1,37,
1786576673,disarmed,49.5,1,37,
1786576674,disarmed,46.4,1,37,
1786576675,disarmed,43.1,1,37,
1786576676,disarmed,39.9,1,37,
1786576677,disarmed,36.3,1,37,
1786576678,disarmed,33.4,1,37,
1786576679,disarmed,30.9,1,37,
1786576680,disarmed,28.2,1,37,
1786576681,disarmed,26.0,1,37,2279845
1786576682,disarmed,29.4,1,37,
1786576683,disarmed,31.9,1,37,
1786576684,disarmed,34.0,1,37,
1786576685,disarmed,35.9,1,37,
1786576686,disarmed,37.6,1,37,
1786576687,disarmed,40.0,1,37,
1786576688,disarmed,41.6,1,37,
1786576689,disarmed,43.3,1,37,
1786576690,disarmed,45.0,1,37,
1786576691,disarmed,46.4,1,37,
1786576692,disarmed,48.4,1,37,
1786576693,disarmed,49.7,1,37,
1786576694,disarmed,51.1,1,37,
1786576695,disarmed,52.5,1,37,
1786576696,disarmed,53.7,1,37,2283188
1786576697,disarmed,55.4,1,37,
1786576698,disarmed,56.4,1,37,
1786576699,disarmed,57.7,1,37,
1786576700,disarmed,58.7,1,37,
1786576701,disarmed,60.2,1,37,
1786576702,disarmed,61.3,1,37,
1786576703,disarmed,62.2,1,37,
1786576704,disarmed,63.2,1,37,
1786576705,disarmed,64.1,1,37,
1786576706,disarmed,65.3,1,37,
1786576707,disarmed,66.2,1,37,
1786576708,disarmed,67.0,1,37,
1786576709,disarmed,67.8,1,37,
1786576710,disarmed,68.9,1,37,
1786576711,disarmed,69.7,1,37,2286428
1786576712,disarmed,70.5,1,37,
1786576713,disarmed,71.2,1,37,
1786576714,disarmed,66.6,1,37,
1786576715,disarmed,61.2,1,37,
1786576716,disarmed,57.5,1,37,
1786576717,disarmed,54.1,1,37,
1786576718,disarmed,51.0,1,37,
1786576719,disarmed,47.5,1,37,
1786576720,disarmed,43.1,1,37,
1786576721,disarmed,40.2,1,37,
1786576722,disarmed,37.2,1,37,
1786576724,disarmed,34.5,1,37,
1786576725,disarmed,31.7,1,37,
1786576726,disarmed,28.4,1,37,
1786576727,disarmed,25.9,1,37,2289794
1786576728,disarmed,29.3,1,37,
1786576729,disarmed,31.3,1,37,
1786576730,disarmed,33.4,1,37,
1786576731,disarmed,35.9,1,37,
1786576732,disarmed,37.6,1,37,
1786576733,disarmed,39.4,1,37,
1786576734,disarmed,41.1,1,37,
1786576735,disarmed,42.8,1,37,
1786576736,disarmed,44.8,1,37,
1786576737,disarmed,46.5,1,37,
1786576738,disarmed,47.8,1,37,
1786576739,disarmed,49.3,1,37,
1786576740,disarmed,50.6,1,37,
1786576741,disarmed,52.4,1,37,
1786576742,disarmed,53.7,1,37,2293028
1786576743,disarmed,54.9,1,37,
1786576744,disarmed,56.1,1,37,
1786576745,disarmed,57.5,1,37,
1786576746,disarmed,58.7,1,37,
1786576747,disarmed,59.7,1,37,
1786576748,disarmed,60.8,1,37,
1786576749,disarmed,61.8,1,37,
1786576750,disarmed,63.1,1,37,
1786576751,disarmed,64.0,1,37,
1786576752,disarmed,65.0,1,37,
1786576753,disarmed,65.9,1,37,
1786576754,disarmed,67.0,1,37,
1786576755,disarmed,67.9,1,37,
1786576756,disarmed,68.6,1,37,
1786576757,disarmed,69.4,1,37,2296381
1786576758,disarmed,70.2,1,37,
1786576759,disarmed,71.2,1,37,
1786576760,disarmed,66.8,1,37,
1786576761,disarmed,62.5,1,37,
1786576762,disarmed,59.2,1,37,
1786576763,disarmed,55.8,1,37,
1786576764,disarmed,51.1,1,37,
1786576765,disarmed,48.0,1,37,
1786576766,disarmed,44.6,1,37,
1786576767,disarmed,41.4,1,37,
1786576768,disarmed,38.7,1,37,
1786576769,disarmed,34.8,1,37,
1786576770,disarmed,32.1,1,37,
1786576771,disarmed,29.6,1,37,
1786576772,disarmed,27.1,1,37,2299609
1786576774,disarmed,27.4,1,37,
1786576775,disarmed,31.0,1,37,
1786576776,disarmed,32.4,1,37,
1786576777,disarmed,34.8,1,37,
1786576778,disarmed,36.5,1,37,
1786576779,disarmed,39.0,1,37,
1786576780,disarmed,40.5,1,37,
1786576781,disarmed,42.3,1,37,
1786576782,disarmed,43.9,1,37,
1786576783,disarmed,45.4,1,37,
1786576784,disarmed,47.5,1,37,
1786576785,disarmed,48.8,1,37,
1786576786,disarmed,50.2,1,37,
1786576787,disarmed,51.6,1,37,
1786576788,disarmed,52.9,1,37,2302989
1786576789,disarmed,54.6,1,37,
1786576790,disarmed,55.7,1,37,
1786576791,disarmed,56.9,1,37,
1786576792,disarmed,58.0,1,37,
1786576793,disarmed,59.1,1,37,
1786576794,disarmed,60.5,1,37,
1786576795,disarmed,61.5,1,37,
1786576796,disarmed,62.5,1,37,
1786576797,disarmed,63.5,1,37,
1786576798,disarmed,64.5,1,37,
1786576799,disarmed,65.6,1,37,
1786576800,disarmed,66.5,1,37,
1786576801,disarmed,67.4,1,37,
1786576802,disarmed,68.2,1,37,
1786576803,disarmed,69.0,1,37,2306230
1786576804,disarmed,70.0,1,37,
1786576805,disarmed,70.8,1,37,
1786576806,disarmed,68.9,1,37,
1786576807,disarmed,65.3,1,37,
1786576808,disarmed,59.8,1,37,
1786576809,disarmed,56.8,1,37,
1786576810,disarmed,52.8,1,37,
1786576811,disarmed,49.8,1,37,
1786576812,disarmed,46.3,1,37,
1786576813,disarmed,42.3,1,37,
1786576814,disarmed,39.1,1,37,
1786576815,disarmed,36.4,1,37,
1786576816,disarmed,33.5,1,37,
1786576817,disarmed,30.9,1,37,
1786576818,disarmed,27.6,1,37,2309577
1786576819,disarmed,28.8,1,37,
1786576820,disarmed,29.5,1,37,
1786576821,disarmed,31.9,1,37,
1786576822,disarmed,34.1,1,37,
1786576823,disarmed,36.5,1,37,
1786576824,disarmed,38.4,1,37,
1786576825,disarmed,39.9,1,37,
1786576826,disarmed,41.8,1,37,
1786576828,disarmed,43.3,1,37,
1786576829,disarmed,45.5,1,37,
1786576830,disarmed,47.0,1,37,
1786576831,disarmed,48.4,1,37,
1786576832,disarmed,49.9,1,37,
1786576833,disarmed,51.3,1,37,
1786576834,disarmed,52.9,1,37,2312915
1786576835,disarmed,54.2,1,37,
1786576836,disarmed,55.3,1,37,
1786576837,disarmed,56.6,1,37,
1786576838,disarmed,57.7,1,37,
1786576839,disarmed,59.2,1,37,
1786576840,disarmed,60.2,1,37,
1786576841,disarmed,61.2,1,37,
1786576842,disarmed,62.1,1,37,
1786576843,disarmed,63.2,1,37,
1786576844,disarmed,64.5,1,37,
1786576845,disarmed,65.4,1,37,
1786576846,disarmed,66.3,1,37,
1786576847,disarmed,67.1,1,37,
1786576848,disarmed,67.9,1,37,
1786576849,disarmed,69.0,1,37,2316149
1786576850,disarmed,69.8,1,37,
1786576851,disarmed,70.6,1,37,
1786576852,disarmed,71.2,1,37,
1786576853,disarmed,66.2,1,37,
1786576854,disarmed,61.2,1,37,
1786576855,disarmed,57.6,1,37,
1786576856,disarmed,54.3,1,37,
1786576857,disarmed,51.0,1,37,
1786576858,disarmed,46.5,1,37,
1786576859,disarmed,43.6,1,37,
1786576860,disarmed,40.3,1,37,
1786576861,disarmed,37.3,1,37,
1786576862,disarmed,34.6,1,37,
1786576863,disarmed,31.7,1,37,
1786576864,disarmed,28.1,1,37,2319493
1786576865,disarmed,25.9,1,37,
1786576866,disarmed,29.4,1,37,
1786576867,disarmed,31.4,1,37,
1786576868,disarmed,34.5,1,37,
1786576869,disarmed,36.1,1,37,
1786576870,disarmed,37.9,1,37,
1786576871,disarmed,39.6,1,37,
1786576872,disarmed,42.0,1,37,
1786576873,disarmed,43.4,1,37,
1786576874,disarmed,45.1,1,37,
1786576875,disarmed,46.6,1,37,
1786576876,disarmed,48.0,1,37,
1786576877,disarmed,49.9,1,37,
1786576878,disarmed,51.2,1,37,
1786576880,disarmed,52.7,1,37,2322725
1786576881,disarmed,53.9,1,37,
1786576882,disarmed,55.1,1,37,
1786576883,disarmed,56.8,1,37,
1786576884,disarmed,57.8,1,37,
1786576885,disarmed,58.9,1,37,
1786576886,disarmed,60.0,1,37,
1786576887,disarmed,61.1,1,37,
1786576888,disarmed,62.3,1,37,
1786576889,disarmed,63.3,1,37,
1786576890,disarmed,64.2,1,37,
1786576891,disarmed,65.2,1,37,
1786576892,armed,66.0,1,37,
1786576893,armed,67.2,1,37,
1786576894,armed,68.0,1,37,
1786576895,armed,68.8,1,37,2326070
1786576896,armed,69.6,1,37,
1786576897,armed,70.3,1,37,
1786576898,armed,71.1,1,37,
1786576899,armed,65.8,1,37,
1786576900,armed,62.2,1,37,
1786576901,armed,58.2,1,37,
1786576902,armed,53.6,1,37,
1786576903,armed,50.1,1,37,
1786576904,armed,46.8,1,37,
1786576905,armed,43.7,1,37,
1786576906,armed,40.5,1,37,
1786576907,armed,37.8,1,37,
1786576908,armed,33.9,1,37,
1786576909,armed,31.2,1,37,
1786576910,armed,28.6,1,37,2329320
1786576911,armed,26.0,1,37,
1786576912,armed,29.0,1,37,
1786576913,armed,32.7,1,37,
1786576914,armed,34.2,1,37,
1786576915,armed,35.9,1,37,
1786576916,armed,37.8,1,37,
1786576917,armed,40.0,1,37,
1786576918,armed,41.8,1,37,
1786576919,armed,43.3,1,37,
1786576920,armed,45.1,1,37,
1786576921,armed,46.4,1,37,
1786576922,armed,48.4,1,37,
1786576923,armed,49.7,1,37,
1786576924,armed,51.2,1,37,
1786576925,armed,52.4,1,37,2332697
1786576926,armed,54.1,1,37,
1786576927,armed,55.4,1,37,
1786576928,armed,56.5,1,37,
1786576929,armed,57.7,1,37,
1786576931,armed,58.7,1,37,
1786576932,armed,60.1,1,37,
1786576933,armed,61.2,1,37,
1786576934,armed,62.2,1,37,
1786576935,armed,63.1,1,37,
1786576936,armed,64.4,1,37,
1786576937,armed,65.3,1,37,
1786576938,armed,66.2,1,37,
1786576939,armed,67.1,1,37,
1786576940,armed,67.8,1,37,
1786576941,armed,69.0,1,37,2335947
1786576942,armed,69.7,1,37,
1786576943,armed,70.5,1,37,
1786576944,armed,71.2,1,37,
1786576945,armed,66.3,1,37,
1786576946,armed,61.1,1,37,
1786576947,armed,57.5,1,37,
1786576948,armed,54.2,1,37,
1786576949,armed,50.9,1,37,
1786576950,armed,47.4,1,37,
1786576951,armed,43.0,1,37,
1786576952,armed,40.2,1,37,
1786576953,armed,37.1,1,37,
1786576954,armed,34.5,1,37,
1786576955,armed,31.6,1,37,
1786576956,armed,28.2,1,37,2339316
1786576957,armed,25.8,1,37,
1786576958,armed,29.2,1,37,
1786576959,armed,31.4,1,37,
1786576960,armed,33.7,1,37,
1786576961,armed,35.5,1,37,
1786576962,armed,37.2,1,37,
1786576963,armed,39.1,1,37,
1786576964,armed,40.9,1,37,
1786576965,armed,43.2,1,37,
1786576966,armed,44.6,1,37,
1786576967,armed,46.0,1,37,
1786576968,armed,47.6,1,37,
1786576969,armed,49.1,1,37,
1786576970,armed,50.8,1,37,
1786576971,armed,52.2,1,37,2342563
1786576972,armed,53.4,1,37,
1786576973,armed,54.7,1,37,
1786576974,armed,55.8,1,37,
1786576975,armed,57.5,1,37,
1786576976,armed,58.5,1,37,
1786576977,armed,59.6,1,37,
1786576978,armed,60.7,1,37,
1786576979,armed,61.9,1,37,
1786576980,armed,63.0,1,37,
1786576981,armed,63.9,1,37,
1786576982,armed,64.8,1,37,
1786576984,armed,65.7,1,37,
1786576985,armed,66.9,1,37,
1786576986,armed,67.8,1,37,
1786576987,armed,68.5,1,37,2345925
1786576988,armed,69.4,1,37,
1786576989,armed,70.1,1,37,
1786576990,armed,71.1,1,37,
1786576991,armed,66.3,1,37,
1786576992,armed,63.0,1,37,
1786576993,armed,59.8,1,37,
1786576994,armed,55.4,1,37,
1786576995,armed,51.6,1,37,
1786576996,armed,48.1,1,37,
1786576997,armed,44.9,1,37,
1786576998,armed,42.0,1,37,
1786576999,armed,38.9,1,37,
1786577000,armed,35.0,1,37,
1786577001,armed,32.4,1,37,
1786577002,armed,29.6,1,37,2349159
1786577003,armed,27.3,1,37,
1786577004,armed,30.4,1,37,
1786577005,armed,30.7,1,37,
1786577006,armed,32.6,1,37,
1786577007,armed,34.7,1,37,
1786577008,armed,37.1,1,37,
1786577009,armed,38.9,1,37,
1786577010,armed,40.8,1,37,
1786577011,armed,42.4,1,37,
1786577012,armed,44.1,1,37,
1786577013,armed,46.0,1,37,
1786577014,armed,47.6,1,37,
1786577015,armed,48.9,1,37,
1786577016,armed,50.3,1,37,
1786577017,armed,51.7,1,37,2352509
1786577018,armed,53.3,1,37,
1786577019,armed,54.6,1,37,
1786577020,armed,55.8,1,37,
1786577021,armed,57.0,1,37,
1786577022,armed,58.5,1,37,
1786577023,armed,59.5,1,37,
1786577024,armed,60.7,1,37,
1786577025,armed,61.6,1,37,
1786577026,armed,62.6,1,37,
1786577027,armed,63.8,1,37,
1786577028,armed,64.8,1,37,
1786577029,armed,65.6,1,37,
1786577030,armed,66.6,1,37,
1786577031,armed,67.3,1,37,
1786577032,armed,68.5,1,37,2355744
1786577033,armed,69.2,1,37,
1786577035,armed,70.1,1,37,
1786577036,armed,70.8,1,37,
1786577037,armed,67.7,1,37,
1786577038,armed,63.3,1,37,
1786577039,armed,60.0,1,37,
1786577040,armed,56.2,1,37,
1786577041,armed,52.3,1,37,
1786577042,armed,49.2,1,37,
1786577043,armed,44.8,1,37,
1786577044,armed,41.9,1,37,
1786577045,armed,38.7,1,37,
1786577046,armed,35.8,1,37,
1786577047,armed,32.4,1,37,
1786577048,armed,29.6,1,37,2359120
1786577049,armed,27.2,1,37,
1786577050,armed,27.4,1,37,
1786577051,armed,29.4,1,37,
1786577052,armed,32.4,1,37,
1786577053,armed,34.7,1,37,
1786577054,armed,36.7,1,37,
1786577055,armed,38.4,1,37,
1786577056,armed,40.7,1,37,
1786577057,armed,42.5,1,37,
1786577058,armed,44.0,1,37,
1786577059,armed,45.6,1,37,
1786577060,armed,47.0,1,37,
1786577061,armed,49.0,1,37,
1786577062,armed,50.3,1,37,
1786577063,armed,51.7,1,37,2362472
1786577064,armed,53.1,1,37,
1786577065,armed,54.2,1,37,
1786577066,armed,55.5,1,37,
1786577067,armed,57.1,1,37,
1786577068,armed,58.2,1,37,
1786577069,armed,59.3,1,37,
1786577070,armed,60.3,1,37,
1786577071,armed,61.7,1,37,
1786577072,armed,62.7,1,37,
1786577073,armed,63.6,1,37,
1786577074,armed,64.5,1,37,
1786577075,armed,65.5,1,37,
1786577076,armed,66.6,1,37,
1786577077,armed,67.4,1,37,
1786577078,armed,68.3,1,37,2365716
1786577079,armed,69.1,1,37,
1786577080,armed,69.9,1,37,
1786577081,armed,70.9,1,37,
1786577082,armed,67.6,1,37,
1786577083,armed,65.3,1,37,
1786577084,armed,61.2,1,37,
1786577085,armed,57.1,1,37,
1786577087,armed,52.7,1,37,
1786577088,armed,49.6,1,37,
1786577089,armed,46.0,1,37,
1786577090,armed,43.1,1,37,
1786577091,armed,40.0,1,37,
1786577092,armed,35.9,1,37,
1786577093,armed,33.4,1,37,
1786577094,armed,30.7,1,37,2369069
1786577095,armed,27.8,1,37,
1786577096,armed,26.5,1,37,
1786577097,armed,30.2,1,37,
1786577098,armed,32.2,1,37,
1786577099,armed,34.4,1,37,
1786577100,armed,36.7,1,37,
1786577101,armed,38.2,1,37,
1786577102,armed,40.0,1,37,
1786577103,armed,42.3,1,37,
1786577104,armed,43.9,1,37,
1786577105,armed,45.5,1,37,
1786577106,armed,47.0,1,37,
1786577107,armed,48.9,1,37,
1786577108,armed,50.2,1,37,
1786577109,armed,51.6,1,37,2372298
1786577110,armed,52.8,1,37,
1786577111,armed,54.2,1,37,
1786577112,armed,55.8,1,37,
1786577113,armed,56.9,1,37,
1786577114,armed,58.1,1,37,
1786577115,armed,59.1,1,37,
1786577116,armed,60.2,1,37,
1786577117,armed,61.5,1,37,
1786577118,armed,62.6,1,37,
1786577119,armed,63.4,1,37,
1786577120,armed,64.4,1,37,
1786577121,armed,65.3,1,37,
1786577122,armed,66.5,1,37,
1786577123,armed,67.4,1,37,
1786577124,armed,68.1,1,37,2375628
1786577125,armed,68.9,1,37,
1786577126,armed,69.8,1,37,
1786577127,armed,70.7,1,37,
1786577128,armed,67.7,1,37,
1786577129,armed,65.2,1,37,
1786577130,armed,61.2,1,37,
1786577131,armed,56.0,1,37,
1786577132,armed,52.9,1,37,
1786577133,armed,49.2,1,37,
1786577134,armed,46.2,1,37,
1786577135,armed,43.1,1,37,
1786577136,armed,39.7,1,37,
1786577137,armed,36.2,1,37,
1786577139,armed,33.5,1,37,
1786577140,armed,30.7,1,37,2378867
1786577141,armed,28.4,1,37,
1786577142,armed,28.9,1,37,
1786577143,armed,29.7,1,37,
1786577144,armed,31.9,1,37,
1786577145,armed,34.1,1,37,
1786577146,armed,36.7,1,37,
1786577147,armed,38.5,1,37,
1786577148,armed,40.2,1,37,
1786577149,armed,41.9,1,37,
1786577150,armed,43.5,1,37,
1786577151,armed,45.6,1,37,
1786577152,armed,47.0,1,37,
1786577153,armed,48.5,1,37,
1786577154,armed,49.8,1,37,
1786577155,armed,51.2,1,37,2382224
1786577156,armed,53.0,1,37,
1786577157,armed,54.2,1,37,
1786577158,armed,55.4,1,37,
1786577159,armed,56.5,1,37,
1786577160,armed,58.1,1,37,
1786577161,armed,59.1,1,37,
1786577162,armed,60.2,1,37,
1786577163,armed,61.3,1,37,
1786577164,armed,62.6,1,37,
1786577165,armed,63.6,1,37,
1786577166,armed,64.4,1,37,
1786577167,armed,65.4,1,37,
1786577168,armed,66.2,1,37,
1786577169,armed,67.1,1,37,
1786577170,armed,68.2,1,37,2385466
1786577171,armed,69.0,1,37,
1786577172,armed,69.8,1,37,
1786577173,armed,70.5,1,37,
1786577174,armed,67.8,1,37,
1786577175,armed,65.1,1,37,
1786577176,armed,61.2,1,37,
1786577177,armed,57.1,1,37,
1786577178,armed,53.9,1,37,
1786577179,armed,50.4,1,37,
1786577180,armed,45.9,1,37,
1786577181,armed,43.0,1,37,
1786577182,armed,39.9,1,37,
1786577183,armed,37.0,1,37,
1786577184,armed,34.1,1,37,
1786577185,armed,30.8,1,37,2388824
1786577186,armed,28.1,1,37,
1786577187,armed,25.8,1,37,
1786577188,armed,29.3,1,37,
1786577190,armed,32.0,1,37,
1786577191,armed,34.4,1,37,
1786577192,disarmed,36.2,1,37,
1786577193,disarmed,37.9,1,37,
1786577194,disarmed,40.3,1,37,
1786577195,disarmed,42.0,1,37,
1786577196,disarmed,43.5,1,37,
1786577197,disarmed,45.3,1,37,
1786577198,disarmed,46.8,1,37,
1786577199,disarmed,48.2,1,37,
1786577200,disarmed,50.0,1,37,
1786577201,disarmed,51.4,1,37,2392164
1786577202,disarmed,52.7,1,37,
1786577203,disarmed,53.9,1,37,
1786577204,disarmed,55.5,1,37,
1786577205,disarmed,56.7,1,37,
1786577206,disarmed,57.9,1,37,
1786577207,disarmed,58.9,1,37,
1786577208,disarmed,60.0,1,37,
1786577209,disarmed,61.4,1,37,
1786577210,disarmed,62.3,1,37,
1786577211,disarmed,63.3,1,37,
1786577212,disarmed,64.2,1,37,
1786577213,disarmed,65.2,1,37,
1786577214,disarmed,66.4,1,37,
1786577215,disarmed,67.2,1,37,
1786577216,disarmed,68.1,1,37,2395392
1786577217,disarmed,68.8,1,37,
1786577218,disarmed,69.7,1,37,
1786577219,disarmed,70.7,1,37,
1786577220,disarmed,70.4,1,37,
1786577221,disarmed,65.7,1,37,
1786577222,disarmed,61.9,1,37,
1786577223,disarmed,56.9,1,37,
1786577224,disarmed,53.5,1,37,
1786577225,disarmed,50.1,1,37,
1786577226,disarmed,46.7,1,37,
1786577227,disarmed,43.6,1,37,
1786577228,disarmed,39.4,1,37,
1786577229,disarmed,36.8,1,37,
1786577230,disarmed,34.1,1,37,
1786577231,disarmed,31.2,1,37,2398750
1786577232,disarmed,27.7,1,37,
1786577233,disarmed,25.6,1,37,
1786577234,disarmed,29.1,1,37,
1786577235,disarmed,31.4,1,37,
1786577236,disarmed,33.7,1,37,
1786577237,disarmed,36.3,1,37,
1786577238,disarmed,37.9,1,37,
1786577240,disarmed,39.6,1,37,
1786577241,disarmed,41.4,1,37,
1786577242,disarmed,NA,NA,NA,
1786577243,disarmed,45.0,1,37,
1786577244,disarmed,46.7,1,37,
1786577245,disarmed,48.1,1,37,
1786577246,disarmed,49.5,1,37,
1786577247,disarmed,50.8,1,37,2401994
1786577248,disarmed,52.6,1,37,
1786577249,disarmed,53.9,1,37,
1786577250,disarmed,55.1,1,37,
1786577251,disarmed,56.3,1,37,
1786577252,disarmed,57.8,1,37,
1786577253,disarmed,58.9,1,37,
1786577254,disarmed,59.9,1,37,
1786577255,disarmed,60.9,1,37,
1786577256,disarmed,62.0,1,37,
1786577257,disarmed,63.3,1,37,
1786577258,disarmed,64.3,1,37,
1786577259,disarmed,65.1,1,37,
1786577260,disarmed,66.0,1,37,
1786577261,disarmed,66.9,1,37,
1786577262,disarmed,68.0,1,37,2405355
1786577263,disarmed,68.8,1,37,
1786577264,disarmed,69.6,1,37,
1786577265,disarmed,70.3,1,37,
1786577266,disarmed,71.3,1,37,
1786577267,disarmed,66.3,1,37,
1786577268,disarmed,62.5,1,37,
1786577269,disarmed,58.5,1,37,
1786577270,disarmed,55.2,1,37,
1786577271,disarmed,50.6,1,37,
1786577272,disarmed,47.4,1,37,
1786577273,disarmed,44.0,1,37,
1786577274,disarmed,41.1,1,37,
1786577275,disarmed,37.2,1,37,
1786577276,disarmed,34.2,1,37,
1786577277,disarmed,31.7,1,37,2408601
1786577278,disarmed,29.0,1,37,
1786577279,disarmed,26.5,1,37,
1786577280,disarmed,29.1,1,37,
1786577281,disarmed,31.0,1,37,
1786577282,disarmed,33.0,1,37,
1786577283,disarmed,34.8,1,37,
1786577284,disarmed,36.8,1,37,
1786577285,disarmed,39.2,1,37,
1786577286,disarmed,41.1,1,37,
1786577287,disarmed,42.6,1,37,
1786577288,disarmed,44.3,1,37,
1786577290,disarmed,46.0,1,37,
1786577291,disarmed,47.3,1,37,
1786577292,disarmed,49.2,1,37,
1786577293,disarmed,50.6,1,37,2411943
1786577294,disarmed,51.9,1,37,
1786577295,disarmed,53.2,1,37,
1786577296,disarmed,54.8,1,37,
1786577297,disarmed,56.0,1,37,
1786577298,disarmed,57.2,1,37,
1786577299,disarmed,58.4,1,37,
1786577300,disarmed,59.4,1,37,
1786577301,disarmed,60.8,1,37,
1786577302,disarmed,61.8,1,37,
1786577303,disarmed,62.8,1,37,
1786577304,disarmed,63.7,1,37,
1786577305,disarmed,64.7,1,37,
1786577306,disarmed,65.9,1,37,
1786577307,disarmed,66.7,1,37,
1786577308,disarmed,67.6,1,37,2415196
1786577309,disarmed,68.3,1,37,
1786577310,disarmed,69.4,1,37,
1786577311,disarmed,70.2,1,37,
1786577312,disarmed,70.9,1,37,
1786577313,disarmed,67.3,1,37,
1786577314,disarmed,63.9,1,37,
1786577315,disarmed,59.3,1,37,
1786577316,disarmed,55.6,1,37,
1786577317,disarmed,52.0,1,37,
1786577318,disarmed,48.5,1,37,
1786577319,disarmed,45.1,1,37,
1786577320,disarmed,41.3,1,37,
1786577321,disarmed,38.1,1,37,
1786577322,disarmed,35.6,1,37,
1786577323,disarmed,32.7,1,37,2418542
1786577324,disarmed,29.9,1,37,
1786577325,disarmed,26.7,1,37,
1786577326,disarmed,28.5,1,37,
1786577327,disarmed,30.3,1,37,
1786577328,disarmed,32.5,1,37,
1786577329,disarmed,34.5,1,37,
1786577330,disarmed,36.8,1,37,
1786577331,disarmed,38.9,1,37,
1786577332,disarmed,40.5,1,37,
1786577333,disarmed,42.2,1,37,
1786577334,disarmed,43.8,1,37,
1786577335,disarmed,45.8,1,37,
1786577336,disarmed,47.3,1,37,
1786577337,disarmed,48.7,1,37,
1786577338,disarmed,50.2,1,37,2421795
1786577339,disarmed,52.0,1,37,
1786577341,disarmed,53.2,1,37,
1786577342,disarmed,54.5,1,37,
1786577343,disarmed,55.7,1,37,
1786577344,disarmed,56.9,1,37,
1786577345,disarmed,58.3,1,37,
1786577346,disarmed,59.4,1,37,
1786577347,disarmed,60.6,1,37,
1786577348,disarmed,61.5,1,37,
1786577349,disarmed,62.5,1,37,
1786577350,disarmed,63.5,1,37,
1786577351,disarmed,64.7,1,37,
1786577352,disarmed,65.7,1,37,
1786577353,disarmed,66.5,1,37,
1786577354,disarmed,67.4,1,37,2425131
1786577355,disarmed,68.2,1,37,
1786577356,disarmed,69.2,1,37,
1786577357,disarmed,70.0,1,37,
1786577358,disarmed,70.7,1,37,
1786577359,disarmed,68.1,1,37,
1786577360,disarmed,65.2,1,37,
1786577361,disarmed,60.1,1,37,
1786577362,disarmed,56.4,1,37,
1786577363,disarmed,53.0,1,37,
1786577364,disarmed,49.6,1,37,
1786577365,disarmed,46.4,1,37,
1786577366,disarmed,42.3,1,37,
1786577367,disarmed,39.1,1,37,
1786577368,disarmed,36.3,1,37,
1786577369,disarmed,33.4,1,37,2428480
1786577370,disarmed,29.8,1,37,
1786577371,disarmed,27.3,1,37,
1786577372,disarmed,28.8,1,37,
1786577373,disarmed,29.1,1,37,
1786577374,disarmed,32.3,1,37,
1786577375,disarmed,34.3,1,37,
1786577376,disarmed,36.3,1,37,
1786577377,disarmed,38.0,1,37,
1786577378,disarmed,39.9,1,37,
1786577379,disarmed,41.4,1,37,
1786577380,disarmed,43.6,1,37,
1786577381,disarmed,45.3,1,37,
1786577382,disarmed,46.7,1,37,
1786577383,disarmed,48.3,1,37,
1786577384,disarmed,50.0,1,37,2431733
1786577385,disarmed,51.4,1,37,
1786577386,disarmed,52.6,1,37,
1786577387,disarmed,54.0,1,37,
1786577388,disarmed,55.3,1,37,
1786577389,disarmed,56.7,1,37,
1786577390,disarmed,57.9,1,37,
1786577391,disarmed,59.0,1,37,
1786577393,disarmed,60.0,1,37,
1786577394,disarmed,61.2,1,37,
1786577395,disarmed,62.1,1,37,
1786577396,disarmed,63.4,1,37,
1786577397,disarmed,64.4,1,37,
1786577398,disarmed,65.3,1,37,
1786577399,disarmed,66.2,1,37,
1786577400,disarmed,67.0,1,37,2435085
1786577401,disarmed,67.9,1,37,
1786577402,disarmed,69.0,1,37,
1786577403,disarmed,69.7,1,37,
1786577404,disarmed,70.5,1,37,
1786577405,disarmed,71.2,1,37,
1786577406,disarmed,66.0,1,37,
1786577407,disarmed,60.7,1,37,
1786577408,disarmed,57.6,1,37,
1786577409,disarmed,54.4,1,37,
1786577410,disarmed,50.8,1,37,
1786577411,disarmed,46.8,1,37,
1786577412,disarmed,43.5,1,37,
1786577413,disarmed,40.5,1,37,
1786577414,disarmed,37.4,1,37,
1786577415,disarmed,34.7,1,37,2438330
1786577416,disarmed,31.1,1,37,
1786577417,disarmed,28.5,1,37,
1786577418,disarmed,26.0,1,37,
1786577419,disarmed,29.6,1,37,
1786577420,disarmed,32.6,1,37,
1786577421,disarmed,34.3,1,37,
1786577422,disarmed,35.8,1,37,
1786577423,disarmed,37.8,1,37,
1786577424,disarmed,39.5,1,37,
1786577425,disarmed,41.9,1,37,
1786577426,disarmed,43.4,1,37,
1786577427,disarmed,45.0,1,37,
1786577428,disarmed,46.4,1,37,
1786577429,disarmed,48.0,1,37,
1786577430,disarmed,49.9,1,37,2441677
1786577431,disarmed,51.1,1,37,
1786577432,disarmed,52.5,1,37,
1786577433,disarmed,53.8,1,37,
1786577434,disarmed,55.0,1,37,
1786577435,disarmed,56.6,1,37,
1786577436,disarmed,57.7,1,37,
1786577437,disarmed,58.9,1,37,
1786577438,disarmed,60.0,1,37,
1786577439,disarmed,60.9,1,37,
1786577440,disarmed,62.3,1,37,
1786577441,disarmed,63.2,1,37,
1786577442,disarmed,64.2,1,37,
1786577443,disarmed,65.1,1,37,
1786577445,disarmed,66.0,1,37,
1786577446,disarmed,67.2,1,37,2444929
1786577447,disarmed,68.0,1,37,
1786577448,disarmed,68.8,1,37,
1786577449,disarmed,69.5,1,37,
1786577450,disarmed,70.3,1,37,
1786577451,disarmed,71.3,1,37,
1786577452,disarmed,66.0,1,37,
1786577453,disarmed,62.3,1,37,
1786577454,disarmed,58.5,1,37,
1786577455,disarmed,55.4,1,37,
1786577456,disarmed,50.6,1,37,
1786577457,disarmed,47.1,1,37,
1786577458,disarmed,43.8,1,37,
1786577459,disarmed,40.9,1,37,
1786577460,disarmed,36.9,1,37,
1786577461,disarmed,34.3,1,37,2448286
1786577462,disarmed,31.5,1,37,
1786577463,disarmed,29.0,1,37,
1786577464,disarmed,26.4,1,37,
1786577465,disarmed,29.2,1,37,
1786577466,disarmed,31.2,1,37,
1786577467,disarmed,33.4,1,37,
1786577468,disarmed,35.4,1,37,
1786577469,disarmed,37.1,1,37,
1786577470,disarmed,39.6,1,37,
1786577471,disarmed,41.2,1,37,
1786577472,disarmed,43.0,1,37,
1786577473,disarmed,44.5,1,37,
1786577474,disarmed,46.1,1,37,
1786577475,disarmed,48.0,1,37,
1786577476,disarmed,49.4,1,37,2451525
1786577477,disarmed,50.8,1,37,
1786577478,disarmed,52.1,1,37,
1786577479,disarmed,53.4,1,37,
1786577480,disarmed,55.0,1,37,
1786577481,disarmed,56.2,1,37,
1786577482,disarmed,57.3,1,37,
1786577483,disarmed,58.5,1,37,
1786577484,disarmed,59.8,1,37,
1786577485,disarmed,60.9,1,37,
1786577486,disarmed,61.8,1,37,
1786577487,disarmed,62.9,1,37,
1786577488,disarmed,64.1,1,37,
1786577489,disarmed,65.1,1,37,
1786577490,disarmed,65.9,1,37,
1786577491,disarmed,66.8,1,37,2454879
1786577492,armed,67.7,1,37,
1786577493,armed,68.7,1,37,
1786577495,armed,69.5,1,37,
1786577496,armed,70.2,1,37,
1786577497,armed,71.0,1,37,
1786577498,armed,65.9,1,37,
1786577499,armed,62.3,1,37,
1786577500,armed,58.4,1,37,
1786577501,armed,55.3,1,37,
1786577502,armed,51.8,1,37,
1786577503,armed,47.2,1,37,
1786577504,armed,43.9,1,37,
1786577505,armed,41.0,1,37,
1786577506,armed,37.9,1,37,
1786577507,armed,35.1,1,37,2458131
1786577508,armed,31.6,1,37,
1786577509,armed,28.8,1,37,
1786577510,armed,26.5,1,37,
1786577511,armed,29.4,1,37,
1786577512,armed,30.3,1,37,
1786577513,armed,32.5,1,37,
1786577514,armed,34.9,1,37,
1786577515,armed,36.9,1,37,
1786577516,armed,38.8,1,37,
1786577517,armed,40.5,1,37,
1786577518,armed,42.7,1,37,
1786577519,armed,44.4,1,37,
1786577520,armed,45.9,1,37,
1786577521,armed,47.4,1,37,
1786577522,armed,48.8,1,37,2461484
1786577523,armed,50.7,1,37,
1786577524,armed,52.1,1,37,
1786577525,armed,53.2,1,37,
1786577526,armed,54.5,1,37,
1786577527,armed,55.7,1,37,
1786577528,armed,57.3,1,37,
1786577529,armed,58.3,1,37,
1786577530,armed,59.4,1,37,
1786577531,armed,60.4,1,37,
1786577532,armed,61.5,1,37,
1786577533,armed,62.8,1,37,
1786577534,armed,63.8,1,37,
1786577535,armed,64.7,1,37,
1786577536,armed,65.6,1,37,
1786577537,armed,66.8,1,37,2464728
1786577538,armed,67.5,1,37,
1786577539,armed,68.4,1,37,
1786577540,armed,69.2,1,37,
1786577541,armed,70.0,1,37,
1786577542,armed,71.0,1,37,
1786577543,armed,67.6,1,37,
1786577544,armed,63.9,1,37,
1786577545,armed,60.7,1,37,
1786577547,armed,56.8,1,37,
1786577548,armed,52.2,1,37,
1786577549,armed,48.8,1,37,
1786577550,armed,45.6,1,37,
1786577551,armed,42.3,1,37,
1786577552,armed,39.1,1,37,
1786577553,armed,35.5,1,37,2468059
1786577554,armed,32.6,1,37,
1786577555,armed,29.8,1,37,
1786577556,armed,27.6,1,37,
1786577557,armed,29.3,1,37,
1786577558,armed,30.6,1,37,
1786577559,armed,32.8,1,37,
1786577560,armed,34.5,1,37,
1786577561,armed,36.6,1,37,
1786577562,armed,38.5,1,37,
1786577563,armed,40.6,1,37,
1786577564,armed,42.4,1,37,
1786577565,armed,43.9,1,37,
1786577566,armed,45.5,1,37,
1786577567,armed,47.6,1,37,
1786577568,armed,48.9,1,37,2471419
1786577569,armed,50.3,1,37,
1786577570,armed,51.6,1,37,
1786577571,armed,52.9,1,37,
1786577572,armed,54.5,1,37,
1786577573,armed,55.8,1,37,
1786577574,armed,57.0,1,37,
1786577575,armed,58.1,1,37,
1786577576,armed,59.1,1,37,
1786577577,armed,60.5,1,37,
1786577578,armed,61.6,1,37,
1786577579,armed,62.5,1,37,
1786577580,armed,63.6,1,37,
1786577581,armed,64.7,1,37,
1786577582,armed,65.7,1,37,
1786577583,armed,66.5,1,37,2474668
1786577584,armed,67.4,1,37,
1786577585,armed,68.1,1,37,
1786577586,armed,69.2,1,37,
1786577587,armed,70.1,1,37,
1786577588,armed,70.7,1,37,
1786577589,armed,67.6,1,37,
1786577590,armed,65.3,1,37,
1786577591,armed,59.8,1,37,
1786577592,armed,56.5,1,37,
1786577593,armed,52.7,1,37,
1786577594,armed,49.2,1,37,
1786577595,armed,46.1,1,37,
1786577596,armed,42.0,1,37,
1786577597,armed,39.1,1,37,
1786577599,armed,36.1,1,37,2478019
1786577600,armed,33.2,1,37,
1786577601,armed,29.9,1,37,
1786577602,armed,27.3,1,37,
1786577603,armed,28.3,1,37,
1786577604,armed,29.7,1,37,
1786577605,armed,31.9,1,37,
1786577606,armed,34.9,1,37,
1786577607,armed,36.8,1,37,
1786577608,armed,38.5,1,37,
1786577609,armed,40.2,1,37,
1786577610,armed,41.8,1,37,
1786577611,armed,44.0,1,37,
1786577612,armed,45.5,1,37,
1786577613,armed,47.1,1,37,
1786577614,armed,48.6,1,37,2481260
1786577615,armed,49.9,1,37,
1786577616,armed,51.8,1,37,
1786577617,armed,52.9,1,37,
1786577618,armed,54.3,1,37,
1786577619,armed,55.5,1,37,
1786577620,armed,56.7,1,37,
1786577621,armed,58.1,1,37,
1786577622,armed,59.3,1,37,
1786577623,armed,60.3,1,37,
1786577624,armed,61.3,1,37,
1786577625,armed,62.3,1,37,
1786577626,armed,63.7,1,37,
1786577627,armed,64.5,1,37,
1786577628,armed,65.4,1,37,
1786577629,armed,66.3,1,37,2484602
1786577630,armed,67.2,1,37,
1786577631,armed,68.2,1,37,
1786577632,armed,69.1,1,37,
1786577633,armed,69.9,1,37,
1786577634,armed,70.6,1,37,
1786577635,armed,70.9,1,37,
1786577636,armed,64.7,1,37,
1786577637,armed,61.1,1,37,
1786577638,armed,57.0,1,37,
1786577639,armed,53.5,1,37,
1786577640,armed,49.0,1,37,
1786577641,armed,46.0,1,37,
1786577642,armed,42.7,1,37,
1786577643,armed,39.8,1,37,
1786577644,armed,36.7,1,37,2487864
1786577645,armed,33.2,1,37,
1786577646,armed,30.5,1,37,
1786577647,armed,28.0,1,37,
1786577648,armed,26.4,1,37,
1786577649,armed,29.3,1,37,
1786577651,armed,32.1,1,37,
1786577652,armed,34.3,1,37,
1786577653,armed,36.3,1,37,
1786577654,armed,38.1,1,37,
1786577655,armed,40.3,1,37,
1786577656,armed,42.1,1,37,
1786577657,armed,43.8,1,37,
1786577658,armed,45.2,1,37,
1786577659,armed,46.8,1,37,
1786577660,armed,48.2,1,37,2491217
1786577661,armed,50.1,1,37,
1786577662,armed,51.6,1,37,
1786577663,armed,52.7,1,37,
1786577664,armed,54.1,1,37,
1786577665,armed,55.6,1,37,
1786577666,armed,56.8,1,37,
1786577667,armed,57.9,1,37,
1786577668,armed,59.0,1,37,
1786577669,armed,60.1,1,37,
1786577670,armed,61.4,1,37,
1786577671,armed,62.5,1,37,
1786577672,armed,63.4,1,37,
1786577673,armed,64.3,1,37,
1786577674,armed,65.5,1,37,
1786577675,armed,66.4,1,37,2494466
1786577676,armed,67.2,1,37,
1786577677,armed,68.1,1,37,
1786577678,armed,69.1,1,37,
1786577679,armed,69.8,1,37,
1786577680,armed,70.6,1,37,
1786577681,armed,71.2,1,37,
1786577682,armed,66.0,1,37,
1786577683,armed,61.1,1,37,
1786577684,armed,57.0,1,37,
1786577685,armed,53.4,1,37,
1786577686,armed,50.5,1,37,
1786577687,armed,47.1,1,37,
1786577688,armed,42.8,1,37,
1786577689,armed,39.9,1,37,
1786577690,armed,36.7,1,37,2497804
1786577691,armed,34.1,1,37,
1786577692,armed,31.2,1,37,
1786577693,armed,27.8,1,37,
1786577694,armed,25.7,1,37,
1786577695,armed,29.2,1,37,
1786577696,armed,31.6,1,37,
1786577697,armed,33.8,1,37,
1786577698,armed,36.4,1,37,
1786577699,armed,38.0,1,37,
1786577700,armed,39.9,1,37,
1786577701,armed,41.4,1,37,
1786577703,armed,43.2,1,37,
1786577704,armed,45.2,1,37,
1786577705,armed,46.7,1,37,
1786577706,armed,48.1,1,37,2501069
1786577707,armed,49.6,1,37,
1786577708,armed,51.3,1,37,
1786577709,armed,52.6,1,37,
1786577710,armed,53.9,1,37,
1786577711,armed,55.1,1,37,
1786577712,armed,56.6,1,37,
1786577713,armed,57.8,1,37,
1786577714,armed,58.9,1,37,
1786577715,armed,60.0,1,37,
1786577716,armed,61.0,1,37,
1786577717,armed,62.3,1,37,
1786577718,armed,63.2,1,37,
1786577719,armed,64.2,1,37,
1786577720,armed,65.1,1,37,
1786577721,armed,66.3,1,37,2504414
1786577722,armed,67.2,1,37,
1786577723,armed,68.0,1,37,
1786577724,armed,68.8,1,37,
1786577725,armed,69.6,1,37,
1786577726,armed,70.6,1,37,
1786577727,armed,71.3,1,37,
1786577728,armed,66.1,1,37,
1786577729,armed,62.5,1,37,
1786577730,armed,57.6,1,37,
1786577731,armed,54.1,1,37,
1786577732,armed,51.0,1,37,
1786577733,armed,47.6,1,37,
1786577734,armed,44.4,1,37,
1786577735,armed,41.2,1,37,
1786577736,armed,37.3,1,37,2507667
1786577737,armed,34.4,1,37,
1786577738,armed,31.6,1,37,
1786577739,armed,29.3,1,37,
1786577740,armed,25.9,1,37,
1786577741,armed,29.4,1,37,
1786577742,armed,31.2,1,37,
1786577743,armed,33.5,1,37,
1786577744,armed,35.0,1,37,
1786577745,armed,37.8,1,37,
1786577746,armed,39.5,1,37,
1786577747,armed,41.3,1,37,
1786577748,armed,42.8,1,37,
1786577749,armed,44.5,1,37,
1786577750,armed,46.5,1,37,
1786577751,armed,47.9,1,37,2511022
1786577752,armed,49.4,1,37,
1786577753,armed,50.7,1,37,
1786577755,armed,52.5,1,37,
1786577756,armed,53.7,1,37,
1786577757,armed,55.0,1,37,
1786577758,armed,56.1,1,37,
1786577759,armed,57.3,1,37,
1786577760,armed,58.7,1,37,
1786577761,armed,59.9,1,37,
1786577762,armed,60.8,1,37,
1786577763,armed,61.9,1,37,
1786577764,armed,62.8,1,37,
1786577765,armed,64.1,1,37,
1786577766,armed,65.1,1,37,
1786577767,armed,65.9,1,37,2514266
1786577768,armed,66.8,1,37,
1786577769,armed,67.6,1,37,
1786577770,armed,68.7,1,37,
1786577771,armed,69.5,1,37,
1786577772,armed,70.2,1,37,
1786577773,armed,71.0,1,37,
1786577774,armed,66.6,1,37,
1786577775,armed,62.4,1,37,
1786577776,armed,58.9,1,37,
1786577777,armed,55.1,1,37,
1786577778,armed,51.8,1,37,
1786577779,armed,47.3,1,37,
1786577780,armed,44.0,1,37,
1786577781,armed,41.0,1,37,
1786577782,armed,37.9,1,37,2517632
1786577783,armed,35.3,1,37,
1786577784,armed,31.5,1,37,
1786577785,armed,29.1,1,37,
1786577786,armed,26.5,1,37,
1786577787,armed,29.8,1,37,
1786577788,armed,30.5,1,37,
1786577789,armed,33.3,1,37,
1786577790,armed,34.9,1,37,
1786577791,armed,37.1,1,37,
1786577792,disarmed,39.1,1,37,
1786577793,disarmed,41.2,1,37,
1786577794,disarmed,42.9,1,37,
1786577795,disarmed,44.4,1,37,
1786577796,disarmed,46.0,1,37,
1786577797,disarmed,47.4,1,37,2521001
1786577798,disarmed,49.4,1,37,
1786577799,disarmed,50.6,1,37,
1786577800,disarmed,52.0,1,37,
1786577801,disarmed,53.2,1,37,
1786577802,disarmed,54.9,1,37,
1786577803,disarmed,56.2,1,37,
1786577804,disarmed,57.3,1,37,
1786577805,disarmed,58.3,1,37,
1786577807,disarmed,59.4,1,37,
1786577808,disarmed,60.8,1,37,
1786577809,disarmed,61.8,1,37,
1786577810,disarmed,62.9,1,37,
1786577811,disarmed,63.7,1,37,
1786577812,disarmed,64.7,1,37,
1786577813,disarmed,65.9,1,37,2524241
1786577814,disarmed,66.7,1,37,
1786577815,disarmed,67.6,1,37,
1786577816,disarmed,68.4,1,37,
1786577817,disarmed,69.2,1,37,
1786577818,disarmed,70.3,1,37,
1786577819,disarmed,71.0,1,37,
1786577820,disarmed,66.3,1,37,
1786577821,disarmed,63.9,1,37,
1786577822,disarmed,60.1,1,37,
1786577823,disarmed,55.4,1,37,
1786577824,disarmed,52.0,1,37,
1786577825,disarmed,48.4,1,37,
1786577826,disarmed,45.4,1,37,
1786577827,disarmed,42.0,1,37,
1786577828,disarmed,38.1,1,37,2527588
1786577829,disarmed,35.3,1,37,
1786577830,disarmed,32.5,1,37,
1786577831,disarmed,30.0,1,37,
1786577832,disarmed,27.3,1,37,
1786577833,disarmed,28.9,1,37,
1786577834,disarmed,30.9,1,37,
1786577835,disarmed,32.8,1,37,
1786577836,disarmed,34.8,1,37,
1786577837,disarmed,36.8,1,37,
1786577838,disarmed,39.3,1,37,
1786577839,disarmed,40.9,1,37,
1786577840,disarmed,42.6,1,37,
1786577841,disarmed,44.1,1,37,
1786577842,disarmed,45.7,1,37,
1786577843,disarmed,47.8,1,37,2530836
1786577844,disarmed,49.1,1,37,
1786577845,disarmed,50.5,1,37,
1786577846,disarmed,51.8,1,37,
1786577847,disarmed,53.5,1,37,
1786577848,disarmed,54.7,1,37,
1786577849,disarmed,55.9,1,37,
1786577850,disarmed,57.0,1,37,
1786577851,disarmed,58.2,1,37,
1786577852,disarmed,59.6,1,37,
1786577853,disarmed,60.7,1,37,
1786577854,disarmed,61.7,1,37,
1786577855,disarmed,62.7,1,37,
1786577856,disarmed,63.6,1,37,
1786577857,disarmed,64.9,1,37,
1786577859,disarmed,65.8,1,37,2534174
1786577860,disarmed,66.6,1,37,
1786577861,disarmed,67.5,1,37,
1786577862,disarmed,68.5,1,37,
1786577863,disarmed,69.4,1,37,
1786577864,disarmed,70.1,1,37,
1786577865,disarmed,70.8,1,37,
1786577866,disarmed,67.8,1,37,
1786577867,disarmed,63.7,1,37,
1786577868,disarmed,60.6,1,37,
1786577869,disarmed,56.6,1,37,
1786577870,disarmed,52.6,1,37,
1786577871,disarmed,49.3,1,37,
1786577872,disarmed,45.0,1,37,
1786577873,disarmed,42.2,1,37,
1786577874,disarmed,39.0,1,37,2537428
1786577875,disarmed,36.2,1,37,
1786577876,disarmed,32.4,1,37,
1786577877,disarmed,29.8,1,37,
1786577878,disarmed,27.4,1,37,
1786577879,disarmed,28.8,1,37,
1786577880,disarmed,29.4,1,37,
1786577881,disarmed,32.5,1,37,
1786577882,disarmed,34.4,1,37,
1786577883,disarmed,36.4,1,37,
1786577884,disarmed,38.4,1,37,
1786577885,disarmed,39.9,1,37,
1786577886,disarmed,42.3,1,37,
1786577887,disarmed,43.7,1,37,
1786577888,disarmed,45.4,1,37,
1786577889,disarmed,46.8,1,37,2540769
1786577890,disarmed,48.8,1,37,
1786577891,disarmed,50.1,1,37,
1786577892,disarmed,51.5,1,37,
1786577893,disarmed,52.7,1,37,
1786577894,disarmed,54.0,1,37,
1786577895,disarmed,55.6,1,37,
1786577896,disarmed,56.8,1,37,
1786577897,disarmed,57.9,1,37,
1786577898,disarmed,59.0,1,37,
1786577899,disarmed,60.4,1,37,
1786577900,disarmed,61.4,1,37,
1786577901,disarmed,62.5,1,37,
1786577902,disarmed,63.4,1,37,
1786577903,disarmed,64.4,1,37,
1786577904,disarmed,65.5,1,37,2544012
1786577905,disarmed,66.4,1,37,
1786577906,disarmed,67.2,1,37,
1786577907,disarmed,68.1,1,37,
1786577908,disarmed,68.8,1,37,
1786577910,disarmed,69.9,1,37,
1786577911,disarmed,70.7,1,37,
1786577912,disarmed,70.7,1,37,
1786577913,disarmed,65.8,1,37,
1786577914,disarmed,61.0,1,37,
1786577915,disarmed,56.9,1,37,
1786577916,disarmed,53.1,1,37,
1786577917,disarmed,50.1,1,37,
1786577918,disarmed,46.7,1,37,
1786577919,disarmed,43.5,1,37,
1786577920,disarmed,39.5,1,37,2547357
1786577921,disarmed,36.4,1,37,
1786577922,disarmed,33.9,1,37,
1786577923,disarmed,31.0,1,37,
1786577924,disarmed,28.6,1,37,
1786577925,disarmed,27.4,1,37,
1786577926,disarmed,29.3,1,37,
1786577927,disarmed,32.6,1,37,
1786577928,disarmed,33.8,1,37,
1786577929,disarmed,36.4,1,37,
1786577930,disarmed,38.2,1,37,
1786577931,disarmed,39.8,1,37,
1786577932,disarmed,41.6,1,37,
1786577933,disarmed,43.2,1,37,
1786577934,disarmed,45.3,1,37,
1786577935,disarmed,46.8,1,37,2550582
1786577936,disarmed,48.3,1,37,
1786577937,disarmed,49.7,1,37,
1786577938,disarmed,51.0,1,37,
1786577939,disarmed,52.8,1,37,
1786577940,disarmed,54.0,1,37,
1786577941,disarmed,55.3,1,37,
1786577942,disarmed,56.4,1,37,
1786577943,disarmed,57.6,1,37,
1786577944,disarmed,59.1,1,37,
1786577945,disarmed,60.1,1,37,
1786577946,disarmed,61.0,1,37,
1786577947,disarmed,62.1,1,37,
1786577948,disarmed,63.4,1,37,
1786577949,disarmed,64.3,1,37,
1786577950,disarmed,65.3,1,37,2553932
1786577951,disarmed,66.1,1,37,
1786577952,disarmed,67.0,1,37,
1786577953,disarmed,68.1,1,37,
1786577954,disarmed,68.9,1,37,
1786577955,disarmed,69.7,1,37,
1786577956,disarmed,70.4,1,37,
1786577957,disarmed,71.2,1,37,
1786577958,disarmed,65.8,1,37,
1786577959,disarmed,61.9,1,37,
1786577960,disarmed,57.6,1,37,
1786577961,disarmed,54.5,1,37,
1786577963,disarmed,50.9,1,37,
1786577964,disarmed,46.8,1,37,
1786577965,disarmed,43.5,1,37,
1786577966,disarmed,40.6,1,37,2557164
1786577967,disarmed,37.4,1,37,
1786577968,disarmed,33.7,1,37,
1786577969,disarmed,31.2,1,37,
1786577970,disarmed,28.5,1,37,
1786577971,disarmed,26.2,1,37,
1786577972,disarmed,28.8,1,37,
1786577973,disarmed,31.2,1,37,
1786577974,disarmed,33.6,1,37,
1786577975,disarmed,35.3,1,37,
1786577976,disarmed,37.2,1,37,
1786577977,disarmed,39.7,1,37,
1786577978,disarmed,41.3,1,37,
1786577979,disarmed,43.0,1,37,
1786577980,disarmed,44.6,1,37,
1786577981,disarmed,46.1,1,37,2560507
1786577982,disarmed,48.1,1,37,
1786577983,disarmed,49.5,1,37,
1786577984,disarmed,50.7,1,37,
1786577985,disarmed,52.2,1,37,
1786577986,disarmed,53.4,1,37,
1786577987,disarmed,55.0,1,37,
1786577988,disarmed,56.3,1,37,
1786577989,disarmed,57.4,1,37,
1786577990,disarmed,58.5,1,37,
1786577991,disarmed,59.6,1,37,
1786577992,disarmed,61.0,1,37,
1786577993,disarmed,62.0,1,37,
1786577994,disarmed,62.9,1,37,
1786577995,disarmed,63.9,1,37,
1786577996,disarmed,64.9,1,37,2563842
1786577997,disarmed,66.0,1,37,
1786577998,disarmed,66.9,1,37,
1786577999,disarmed,67.7,1,37,
1786578000,disarmed,68.6,1,37,
1786578001,disarmed,69.5,1,37,
1786578002,disarmed,70.3,1,37,
1786578003,disarmed,71.1,1,37,
1786578004,disarmed,65.9,1,37,
1786578005,disarmed,62.3,1,37,
1786578006,disarmed,58.3,1,37,
1786578007,disarmed,54.5,1,37,
1786578008,disarmed,51.6,1,37,
1786578009,disarmed,47.9,1,37,
1786578010,disarmed,44.8,1,37,
1786578011,disarmed,40.6,1,37,2567086
1786578013,disarmed,37.7,1,37,
1786578014,disarmed,35.0,1,37,
1786578015,disarmed,32.1,1,37,
1786578016,disarmed,29.6,1,37,
1786578017,disarmed,26.2,1,37,
1786578018,disarmed,28.7,1,37,
1786578019,disarmed,30.4,1,37,
1786578020,disarmed,32.5,1,37,
1786578021,disarmed,34.5,1,37,
1786578022,disarmed,36.9,1,37,
1786578023,disarmed,38.7,1,37,
1786578024,disarmed,40.5,1,37,
1786578025,disarmed,42.2,1,37,
1786578026,disarmed,43.7,1,37,
1786578027,disarmed,45.9,1,37,2570428
1786578028,disarmed,47.3,1,37,
1786578029,disarmed,48.7,1,37,
1786578030,disarmed,50.3,1,37,
1786578031,disarmed,51.5,1,37,
1786578032,disarmed,53.3,1,37,
1786578033,disarmed,54.4,1,37,
1786578034,disarmed,55.7,1,37,
1786578035,disarmed,56.9,1,37,
1786578036,disarmed,58.3,1,37,
1786578037,disarmed,59.4,1,37,
1786578038,disarmed,60.5,1,37,
1786578039,disarmed,61.5,1,37,
1786578040,disarmed,62.5,1,37,
1786578041,disarmed,63.8,1,37,
1786578042,disarmed,64.6,1,37,2573645
1786578043,disarmed,65.6,1,37,
1786578044,disarmed,66.5,1,37,
1786578045,disarmed,67.3,1,37,
1786578046,disarmed,68.4,1,37,
1786578047,disarmed,69.3,1,37,
1786578048,disarmed,70.0,1,37,
1786578049,disarmed,70.8,1,37,
1786578050,disarmed,69.3,1,37,
1786578051,disarmed,63.8,1,37,
1786578052,disarmed,59.8,1,37,
1786578053,disarmed,56.7,1,37,
1786578054,disarmed,52.9,1,37,
1786578055,disarmed,49.8,1,37,
1786578056,disarmed,46.2,1,37,
1786578057,disarmed,42.0,1,37,2576995
1786578058,disarmed,39.2,1,37,
1786578059,disarmed,36.1,1,37,
1786578060,disarmed,33.6,1,37,
1786578061,disarmed,30.0,1,37,
1786578062,disarmed,27.5,1,37,
1786578063,disarmed,28.9,1,37,
1786578065,disarmed,29.5,1,37,
1786578066,disarmed,31.9,1,37,
1786578067,disarmed,34.8,1,37,
1786578068,disarmed,36.6,1,37,
1786578069,disarmed,38.6,1,37,
1786578070,disarmed,40.1,1,37,
1786578071,disarmed,41.9,1,37,
1786578072,disarmed,44.1,1,37,
1786578073,disarmed,45.5,1,37,2580237
1786578074,disarmed,47.1,1,37,
1786578075,disarmed,48.5,1,37,
1786578076,disarmed,49.9,1,37,
1786578077,disarmed,51.7,1,37,
1786578078,disarmed,52.9,1,37,
1786578079,disarmed,54.3,1,37,
1786578080,disarmed,55.4,1,37,
1786578081,disarmed,56.6,1,37,
1786578082,disarmed,57.8,1,37,
1786578083,disarmed,59.2,1,37,
1786578084,disarmed,60.3,1,37,
1786578085,disarmed,61.3,1,37,
1786578086,disarmed,62.3,1,37,
1786578087,disarmed,63.5,1,37,
1786578088,disarmed,64.5,1,37,2583591
1786578089,disarmed,65.4,1,37,
1786578090,disarmed,66.3,1,37,
1786578091,disarmed,67.3,1,37,
1786578092,armed,68.2,1,37,
1786578093,armed,69.0,1,37,
1786578094,armed,69.8,1,37,
1786578095,armed,70.5,1,37,
1786578096,armed,67.6,1,37,
1786578097,armed,65.4,1,37,
1786578098,armed,61.0,1,37,
1786578099,armed,57.5,1,37,
1786578100,armed,52.8,1,37,
1786578101,armed,49.4,1,37,
1786578102,armed,46.4,1,37,
1786578103,armed,43.1,1,37,2586830
1786578104,armed,40.3,1,37,
1786578105,armed,36.3,1,37,
1786578106,armed,33.3,1,37,
1786578107,armed,30.9,1,37,
1786578108,armed,28.1,1,37,
1786578109,armed,25.8,1,37,
1786578110,armed,29.4,1,37,
1786578111,armed,31.8,1,37,
1786578112,armed,34.0,1,37,
1786578113,armed,35.9,1,37,
1786578114,armed,37.6,1,37,
1786578116,armed,40.0,1,37,
1786578117,armed,41.8,1,37,
1786578118,armed,43.3,1,37,
1786578119,armed,45.0,1,37,2590165
1786578120,armed,46.9,1,37,
1786578121,armed,48.4,1,37,
1786578122,armed,49.8,1,37,
1786578123,armed,51.2,1,37,
1786578124,armed,52.4,1,37,
1786578125,armed,54.1,1,37,
1786578126,armed,55.4,1,37,
1786578127,armed,56.5,1,37,
1786578128,armed,57.7,1,37,
1786578129,armed,58.8,1,37,
1786578130,armed,60.2,1,37,
1786578131,armed,61.2,1,37,
1786578132,armed,62.2,1,37,
1786578133,armed,63.2,1,37,
1786578134,armed,64.1,1,37,2593521
1786578135,armed,65.3,1,37,
1786578136,armed,66.2,1,37,
1786578137,armed,67.1,1,37,
1786578138,armed,67.9,1,37,
1786578139,armed,68.7,1,37,
1786578140,armed,69.8,1,37,
1786578141,armed,70.6,1,37,
1786578142,armed,71.3,1,37,
1786578143,armed,66.2,1,37,
1786578144,armed,62.5,1,37,
1786578145,armed,57.6,1,37,
1786578146,armed,54.5,1,37,
1786578147,armed,50.9,1,37,
1786578148,armed,47.6,1,37,
1786578149,armed,44.1,1,37,2596725
1786578150,armed,40.2,1,37,
1786578151,armed,37.1,1,37,
1786578152,armed,34.6,1,37,
1786578153,armed,31.7,1,37,
1786578154,armed,29.2,1,37,
1786578155,armed,25.9,1,37,
1786578156,armed,29.2,1,37,
1786578157,armed,31.3,1,37,
1786578158,armed,33.2,1,37,
1786578159,armed,34.8,1,37,
1786578160,armed,37.6,1,37,
1786578161,armed,39.3,1,37,
1786578162,armed,41.1,1,37,
1786578163,armed,42.7,1,37,
1786578164,armed,44.8,1,37,2600090
1786578165,armed,46.2,1,37,
1786578167,armed,47.8,1,37,
1786578168,armed,49.1,1,37,
1786578169,armed,50.5,1,37,
1786578170,armed,52.4,1,37,
1786578171,armed,53.7,1,37,
1786578172,armed,54.9,1,37,
1786578173,armed,56.1,1,37,
1786578174,armed,57.2,1,37,
1786578175,armed,58.4,1,37,
1786578176,armed,59.9,1,37,
1786578177,armed,60.8,1,37,
1786578178,armed,61.9,1,37,
1786578179,armed,62.8,1,37,
1786578180,armed,63.8,1,37,2603323
1786578181,armed,65.0,1,37,
1786578182,armed,65.9,1,37,
1786578183,armed,66.2,1,37,
1786578184,armed,67.7,1,37,
1786578185,armed,68.5,1,37,
1786578186,armed,69.2,1,37,
1786578187,armed,70.3,1,37,
1786578188,armed,71.1,1,37,
1786578189,armed,67.0,1,37,
1786578190,armed,63.7,1,37,
1786578191,armed,60.6,1,37,
1786578192,armed,55.7,1,37,
1786578193,armed,52.0,1,37,
1786578194,armed,48.5,1,37,
1786578195,armed,45.5,1,37,2606530
1786578196,armed,41.2,1,37,
1786578197,armed,38.1,1,37,
1786578198,armed,35.5,1,37,
1786578199,armed,32.7,1,37,
1786578200,armed,30.0,1,37,
1786578201,armed,26.7,1,37,
1786578202,armed,29.8,1,37,
1786578203,armed,31.1,1,37,
1786578204,armed,32.8,1,37,
1786578205,armed,34.7,1,37,
1786578206,armed,37.3,1,37,
1786578207,armed,39.2,1,37,
1786578208,armed,41.0,1,37,
1786578209,armed,42.5,1,37,
1786578210,armed,44.2,1,37,2609763
1786578211,armed,46.1,1,37,
1786578212,armed,47.6,1,37,
1786578213,armed,49.0,1,37,
1786578214,armed,50.5,1,37,
1786578215,armed,52.1,1,37,
1786578216,armed,53.4,1,37,
1786578217,armed,54.6,1,37,
1786578218,armed,55.9,1,37,
1786578220,armed,57.4,1,37,
1786578221,armed,58.5,1,37,
1786578222,armed,59.5,1,37,
1786578223,armed,60.6,1,37,
1786578224,armed,61.7,1,37,
1786578225,armed,62.9,1,37,
1786578226,armed,63.9,1,37,2613106
1786578227,armed,64.8,1,37,
1786578228,armed,65.7,1,37,
1786578229,armed,66.5,1,37,
1786578230,armed,67.7,1,37,
1786578231,armed,68.5,1,37,
1786578232,armed,69.3,1,37,
1786578233,armed,70.1,1,37,
1786578234,armed,70.8,1,37,
1786578235,armed,65.7,1,37,
1786578236,armed,63.4,1,37,
1786578237,armed,59.9,1,37,
1786578238,armed,56.3,1,37,
1786578239,armed,51.6,1,37,
1786578240,armed,48.0,1,37,
1786578241,armed,45.0,1,37,2616330
1786578242,armed,42.0,1,37,
1786578243,armed,38.1,1,37,
1786578244,armed,35.3,1,37,
1786578245,armed,32.5,1,37,
1786578246,armed,29.9,1,37,
1786578247,armed,27.3,1,37,
1786578248,armed,30.3,1,37,
1786578249,armed,30.6,1,37,
1786578250,armed,32.7,1,37,
1786578251,armed,34.8,1,37,
1786578252,armed,36.6,1,37,
1786578253,armed,38.9,1,37,
1786578254,armed,40.7,1,37,
1786578255,armed,42.3,1,37,
1786578256,armed,43.9,1,37,2619675
1786578257,armed,46.1,1,37,
1786578258,armed,47.4,1,37,
1786578259,armed,48.9,1,37,
1786578260,armed,50.3,1,37,
1786578261,armed,51.5,1,37,
1786578262,armed,53.3,1,37,
1786578263,armed,54.6,1,37,
1786578264,armed,55.8,1,37,
1786578265,armed,57.0,1,37,
1786578266,armed,58.4,1,37,
1786578267,armed,59.5,1,37,
1786578268,armed,60.6,1,37,
1786578269,armed,61.5,1,37,
1786578270,armed,62.6,1,37,
1786578272,armed,63.8,1,37,2622921
1786578273,armed,64.8,1,37,
1786578274,armed,65.6,1,37,
1786578275,armed,66.5,1,37,
1786578276,armed,67.3,1,37,
1786578277,armed,68.5,1,37,
1786578278,armed,69.3,1,37,
1786578279,armed,70.0,1,37,
1786578280,armed,70.8,1,37,
1786578281,armed,69.8,1,37,
1786578282,armed,64.0,1,37,
1786578283,armed,60.1,1,37,
1786578284,armed,56.9,1,37,
1786578285,armed,53.1,1,37,
1786578286,armed,49.8,1,37,
1786578287,armed,45.4,1,37,2626274
1786578288,armed,42.1,1,37,
1786578289,armed,39.4,1,37,
1786578290,armed,36.4,1,37,
1786578291,armed,33.8,1,37,
1786578292,armed,30.1,1,37,
1786578293,armed,27.6,1,37,
1786578294,armed,28.1,1,37,
1786578295,armed,29.1,1,37,
1786578296,armed,31.9,1,37,
1786578297,armed,34.4,1,37,
1786578298,armed,36.3,1,37,
1786578299,armed,38.1,1,37,
1786578300,armed,39.8,1,37,
1786578301,armed,42.1,1,37,
1786578302,armed,43.7,1,37,2629502
1786578303,armed,45.3,1,37,
1786578304,armed,46.7,1,37,
1786578305,armed,48.2,1,37,
1786578306,armed,50.2,1,37,
1786578307,armed,51.4,1,37,
1786578308,armed,52.8,1,37,
1786578309,armed,53.9,1,37,
1786578310,armed,55.2,1,37,
1786578311,armed,56.8,1,37,
1786578312,armed,57.9,1,37,
1786578313,armed,59.1,1,37,
1786578314,armed,60.1,1,37,
1786578315,armed,61.1,1,37,
1786578316,armed,62.4,1,37,
1786578317,armed,63.4,1,37,2632855
1786578318,armed,64.4,1,37,
1786578319,armed,65.3,1,37,
1786578320,armed,66.5,1,37,
1786578321,armed,67.2,1,37,
1786578322,armed,68.1,1,37,
1786578323,armed,68.9,1,37,
1786578325,armed,69.7,1,37,
1786578326,armed,70.4,1,37,
1786578327,armed,67.7,1,37,
1786578328,armed,65.4,1,37,
1786578329,armed,60.8,1,37,
1786578330,armed,57.4,1,37,
1786578331,armed,53.0,1,37,
1786578332,armed,49.5,1,37,
1786578333,armed,46.6,1,37,2636103
1786578334,armed,43.2,1,37,
1786578335,armed,40.4,1,37,
1786578336,armed,36.4,1,37,
1786578337,armed,33.5,1,37,
1786578338,armed,30.8,1,37,
1786578339,armed,28.3,1,37,
1786578340,armed,25.9,1,37,
1786578341,armed,29.4,1,37,
1786578342,armed,32.0,1,37,
1786578343,armed,34.0,1,37,
1786578344,armed,35.8,1,37,
1786578345,armed,37.6,1,37,
1786578346,armed,40.0,1,37,
1786578347,armed,41.8,1,37,
1786578348,armed,43.3,1,37,2639470
1786578349,armed,44.9,1,37,
1786578350,armed,46.5,1,37,
1786578351,armed,48.3,1,37,
1786578352,armed,49.8,1,37,
1786578353,armed,51.1,1,37,
1786578354,armed,52.5,1,37,
1786578355,armed,53.7,1,37,
1786578356,armed,55.3,1,37,
1786578357,armed,56.6,1,37,
1786578358,armed,57.6,1,37,
1786578359,armed,58.8,1,37,
1786578360,armed,59.8,1,37,
1786578361,armed,61.3,1,37,
1786578362,armed,62.3,1,37,
1786578363,armed,63.2,1,37,2642711
1786578364,armed,64.2,1,37,
1786578365,armed,65.0,1,37,
1786578366,armed,66.3,1,37,
1786578367,armed,67.2,1,37,
1786578368,armed,67.9,1,37,
1786578369,armed,68.8,1,37,
1786578370,armed,69.5,1,37,
1786578371,armed,70.5,1,37,
1786578372,armed,71.2,1,37,
1786578373,armed,65.9,1,37,
1786578374,armed,62.0,1,37,
1786578375,armed,58.2,1,37,
1786578376,armed,53.3,1,37,
1786578377,armed,50.4,1,37,
1786578379,armed,46.8,1,37,2646055
1786578380,armed,43.6,1,37,
1786578381,armed,40.6,1,37,
1786578382,armed,36.7,1,37,
1786578383,armed,34.0,1,37,
1786578384,armed,31.1,1,37,
1786578385,armed,28.7,1,37,
1786578386,armed,26.1,1,37,
1786578387,armed,29.2,1,37,
1786578388,armed,31.6,1,37,
1786578389,armed,34.0,1,37,
1786578390,armed,35.6,1,37,
1786578391,armed,38.1,1,37,
1786578392,disarmed,39.9,1,37,
1786578393,disarmed,41.5,1,37,
1786578394,disarmed,43.2,1,37,2649407
1786578395,disarmed,44.8,1,37,
1786578396,disarmed,46.7,1,37,
1786578397,disarmed,48.1,1,37,
1786578398,disarmed,49.7,1,37,
1786578399,disarmed,51.1,1,37,
1786578400,disarmed,52.7,1,37,
1786578401,disarmed,54.0,1,37,
1786578402,disarmed,55.2,1,37,
1786578403,disarmed,56.4,1,37,
1786578404,disarmed,57.5,1,37,
1786578405,disarmed,59.0,1,37,
1786578406,disarmed,60.1,1,37,
1786578407,disarmed,61.1,1,37,
1786578408,disarmed,62.1,1,37,
1786578409,disarmed,63.1,1,37,2652639
1786578410,disarmed,64.3,1,37,
1786578411,disarmed,65.2,1,37,
1786578412,disarmed,66.1,1,37,
1786578413,disarmed,66.9,1,37,
1786578414,disarmed,67.8,1,37,
1786578415,disarmed,68.9,1,37,
1786578416,disarmed,69.7,1,37,
1786578417,disarmed,70.4,1,37,
1786578418,disarmed,71.2,1,37,
1786578419,disarmed,66.7,1,37,
1786578420,disarmed,60.7,1,37,
1786578421,disarmed,57.5,1,37,
1786578422,disarmed,54.4,1,37,
1786578423,disarmed,50.8,1,37,
1786578424,disarmed,47.6,1,37,2655990
1786578425,disarmed,43.3,1,37,
1786578427,disarmed,40.5,1,37,
1786578428,disarmed,37.4,1,37,
1786578429,disarmed,34.9,1,37,
1786578430,disarmed,31.9,1,37,
1786578431,disarmed,28.4,1,37,
1786578432,disarmed,26.0,1,37,
1786578433,disarmed,29.5,1,37,
1786578434,disarmed,31.2,1,37,
1786578435,disarmed,33.4,1,37,
1786578436,disarmed,36.0,1,37,
1786578437,disarmed,37.7,1,37,
1786578438,disarmed,39.5,1,37,
1786578439,disarmed,41.2,1,37,
1786578440,disarmed,42.9,1,37,2659233
1786578441,disarmed,44.9,1,37,
1786578442,disarmed,46.5,1,37,
1786578443,disarmed,48.0,1,37,
1786578444,disarmed,49.3,1,37,
1786578445,disarmed,51.2,1,37,
1786578446,disarmed,52.5,1,37,
1786578447,disarmed,53.8,1,37,
1786578448,disarmed,54.9,1,37,
1786578449,disarmed,56.2,1,37,
1786578450,disarmed,57.7,1,37,
1786578451,disarmed,58.7,1,37,
1786578452,disarmed,59.9,1,37,
1786578453,disarmed,60.9,1,37,
1786578454,disarmed,62.0,1,37,
1786578455,disarmed,63.2,1,37,2662567
1786578456,disarmed,64.2,1,37,
1786578457,disarmed,65.1,1,37,
1786578458,disarmed,65.9,1,37,
1786578459,disarmed,66.8,1,37,
1786578460,disarmed,67.9,1,37,
1786578461,disarmed,68.7,1,37,
1786578462,disarmed,69.4,1,37,
1786578463,disarmed,70.2,1,37,
1786578464,disarmed,71.3,1,37,
1786578465,disarmed,66.8,1,37,
1786578466,disarmed,62.5,1,37,
1786578467,disarmed,58.9,1,37,
1786578468,disarmed,55.7,1,37,
1786578469,disarmed,50.9,1,37,
1786578470,disarmed,47.5,1,37,2665801
1786578471,disarmed,44.5,1,37,
1786578472,disarmed,41.1,1,37,
1786578473,disarmed,38.5,1,37,
1786578474,disarmed,34.6,1,37,
1786578475,disarmed,31.7,1,37,
1786578476,disarmed,29.3,1,37,
1786578477,disarmed,26.6,1,37,
1786578479,disarmed,28.3,1,37,
1786578480,disarmed,31.4,1,37,
1786578481,disarmed,33.2,1,37,
1786578482,disarmed,34.9,1,37,
1786578483,disarmed,37.0,1,37,
1786578484,disarmed,39.3,1,37,
1786578485,disarmed,41.1,1,37,
1786578486,disarmed,42.8,1,37,2669170
1786578487,disarmed,44.3,1,37,
1786578488,disarmed,45.8,1,37,
1786578489,disarmed,47.8,1,37,
1786578490,disarmed,49.2,1,37,
1786578491,disarmed,50.6,1,37,
1786578492,disarmed,52.0,1,37,
1786578493,disarmed,53.2,1,37,
1786578494,disarmed,54.9,1,37,
1786578495,disarmed,56.1,1,37,
1786578496,disarmed,57.2,1,37,
1786578497,disarmed,58.4,1,37,
1786578498,disarmed,59.4,1,37,
1786578499,disarmed,60.8,1,37,
1786578500,disarmed,61.8,1,37,
1786578501,disarmed,62.8,1,37,2672405
1786578502,disarmed,63.7,1,37,
1786578503,disarmed,64.9,1,37,
1786578504,disarmed,65.9,1,37,
1786578505,disarmed,66.7,1,37,
1786578506,disarmed,67.6,1,37,
1786578507,disarmed,68.4,1,37,
1786578508,disarmed,69.5,1,37,
1786578509,disarmed,70.1,1,37,
1786578510,disarmed,70.9,1,37,
1786578511,disarmed,68.6,1,37,
1786578512,disarmed,64.7,1,37,
1786578513,disarmed,59.5,1,37,
1786578514,disarmed,55.8,1,37,
1786578515,disarmed,52.2,1,37,
1786578516,disarmed,49.2,1,37,2675754
1786578517,disarmed,44.7,1,37,
1786578518,disarmed,41.5,1,37,
1786578519,disarmed,38.8,1,37,
1786578520,disarmed,35.6,1,37,
1786578521,disarmed,33.1,1,37,
1786578522,disarmed,29.5,1,37,
1786578523,disarmed,27.1,1,37,
1786578524,disarmed,27.2,1,37,
1786578525,disarmed,29.8,1,37,
1786578526,disarmed,31.8,1,37,
1786578527,disarmed,34.9,1,37,
1786578528,disarmed,36.7,1,37,
1786578530,disarmed,38.5,1,37,
1786578531,disarmed,40.3,1,37,
1786578532,disarmed,41.9,1,37,2678984
1786578533,disarmed,44.1,1,37,
1786578534,disarmed,45.6,1,37,
1786578535,disarmed,47.1,1,37,
1786578536,disarmed,48.6,1,37,
1786578537,disarmed,49.9,1,37,
1786578538,disarmed,51.8,1,37,
1786578539,disarmed,52.9,1,37,
1786578540,disarmed,54.3,1,37,
1786578541,disarmed,55.4,1,37,
1786578542,disarmed,57.0,1,37,
1786578543,disarmed,58.1,1,37,
1786578544,disarmed,59.2,1,37,
1786578545,disarmed,60.3,1,37,
1786578546,disarmed,61.3,1,37,
1786578547,disarmed,62.6,1,37,2682357
1786578548,disarmed,63.6,1,37,
1786578549,disarmed,64.4,1,37,
1786578550,disarmed,65.4,1,37,
1786578551,disarmed,66.5,1,37,
1786578552,disarmed,67.4,1,37,
1786578553,disarmed,68.2,1,37,
1786578554,disarmed,69.0,1,37,
1786578555,disarmed,69.8,1,37,
1786578556,disarmed,70.5,1,37,
1786578557,disarmed,67.6,1,37,
1786578558,disarmed,65.3,1,37,
1786578559,disarmed,61.2,1,37,
1786578560,disarmed,57.5,1,37,
1786578561,disarmed,52.9,1,37,
1786578562,disarmed,49.4,1,37,2685707
1786578563,disarmed,46.5,1,37,
1786578564,disarmed,43.2,1,37,
1786578565,disarmed,40.2,1,37,
1786578566,disarmed,36.3,1,37,
1786578567,disarmed,33.3,1,37,
1786578568,disarmed,30.8,1,37,
1786578569,disarmed,28.2,1,37,
1786578570,disarmed,26.1,1,37,
1786578571,disarmed,29.5,1,37,
1786578572,disarmed,31.9,1,37,
1786578573,disarmed,34.2,1,37,
1786578574,disarmed,36.3,1,37,
1786578575,disarmed,38.0,1,37,
1786578576,disarmed,40.3,1,37,
1786578577,disarmed,42.0,1,37,2688944
1786578578,disarmed,43.8,1,37,
1786578579,disarmed,45.2,1,37,
1786578581,disarmed,46.8,1,37,
1786578582,disarmed,48.2,1,37,
1786578583,disarmed,50.1,1,37,
1786578584,disarmed,51.5,1,37,
1786578585,disarmed,52.7,1,37,
1786578586,disarmed,54.0,1,37,
1786578587,disarmed,55.5,1,37,
1786578588,disarmed,56.8,1,37,
1786578589,disarmed,57.8,1,37,
1786578590,disarmed,59.0,1,37,
1786578591,disarmed,60.0,1,37,
1786578592,disarmed,61.4,1,37,
1786578593,disarmed,62.4,1,37,2692307
1786578594,disarmed,63.4,1,37,
1786578595,disarmed,64.4,1,37,
1786578596,disarmed,65.2,1,37,
1786578597,disarmed,66.4,1,37,
1786578598,disarmed,67.3,1,37,
1786578599,disarmed,68.1,1,37,
1786578600,disarmed,68.9,1,37,
1786578601,disarmed,69.6,1,37,
1786578602,disarmed,70.7,1,37,
1786578603,disarmed,71.1,1,37,
1786578604,disarmed,65.8,1,37,
1786578605,disarmed,62.1,1,37,
1786578606,disarmed,57.1,1,37,
1786578607,disarmed,53.3,1,37,
1786578608,disarmed,50.1,1,37,2695553
1786578609,disarmed,46.8,1,37,
1786578610,disarmed,43.8,1,37,
1786578611,disarmed,39.6,1,37,
1786578612,disarmed,36.8,1,37,
1786578613,disarmed,33.9,1,37,
1786578614,disarmed,31.1,1,37,
1786578615,disarmed,28.7,1,37,
1786578616,disarmed,25.5,1,37,
1786578617,disarmed,28.9,1,37,
1786578618,disarmed,31.0,1,37,
1786578619,disarmed,33.3,1,37,
1786578620,disarmed,35.1,1,37,
1786578621,disarmed,37.7,1,37,
1786578622,disarmed,39.4,1,37,
1786578623,disarmed,41.2,1,37,2698911
1786578624,disarmed,42.8,1,37,
1786578625,disarmed,44.4,1,37,
1786578626,disarmed,46.5,1,37,
1786578627,disarmed,47.9,1,37,
1786578628,disarmed,49.4,1,37,
1786578629,disarmed,50.8,1,37,
1786578630,disarmed,52.1,1,37,
1786578631,disarmed,53.8,1,37,
1786578633,disarmed,54.9,1,37,
1786578634,disarmed,56.2,1,37,
1786578635,disarmed,57.3,1,37,
1786578636,disarmed,58.8,1,37,
1786578637,disarmed,59.8,1,37,
1786578638,disarmed,60.9,1,37,
1786578639,disarmed,61.8,1,37,2702151
1786578640,disarmed,62.9,1,37,
1786578641,disarmed,64.2,1,37,
1786578642,disarmed,65.0,1,37,
1786578643,disarmed,65.9,1,37,
1786578644,disarmed,66.9,1,37,
1786578645,disarmed,67.7,1,37,
1786578646,disarmed,68.7,1,37,
1786578647,disarmed,69.6,1,37,
1786578648,disarmed,70.3,1,37,
1786578649,disarmed,71.0,1,37,
1786578650,disarmed,66.6,1,37,
1786578651,disarmed,62.4,1,37,
1786578652,disarmed,58.5,1,37,
1786578653,disarmed,55.2,1,37,
1786578654,disarmed,51.8,1,37,2705498
1786578655,disarmed,48.3,1,37,
1786578656,disarmed,44.0,1,37,
1786578657,disarmed,41.2,1,37,
1786578658,disarmed,38.0,1,37,
1786578659,disarmed,35.3,1,37,
1786578660,disarmed,32.3,1,37,
1786578661,disarmed,29.1,1,37,
1786578662,disarmed,26.5,1,37,
1786578663,disarmed,29.0,1,37,
1786578664,disarmed,30.6,1,37,
1786578665,disarmed,32.5,1,37,
1786578666,disarmed,34.9,1,37,
1786578667,disarmed,37.1,1,37,
1786578668,disarmed,38.9,1,37,
1786578669,disarmed,40.7,1,37,2708718
1786578670,disarmed,42.8,1,37,
1786578671,disarmed,44.5,1,37,
1786578672,disarmed,45.9,1,37,
1786578673,disarmed,47.4,1,37,
1786578674,disarmed,49.0,1,37,
1786578675,disarmed,50.7,1,37,
1786578676,disarmed,52.1,1,37,
1786578677,disarmed,53.4,1,37,
1786578678,disarmed,54.6,1,37,
1786578679,disarmed,55.9,1,37,
1786578680,disarmed,57.3,1,37,
1786578681,disarmed,58.3,1,37,
1786578682,disarmed,59.5,1,37,
1786578683,disarmed,60.6,1,37,
1786578685,disarmed,61.9,1,37,2712083
1786578686,disarmed,62.8,1,37,
1786578687,disarmed,63.8,1,37,
1786578688,disarmed,64.8,1,37,
1786578689,disarmed,65.6,1,37,
1786578690,disarmed,66.8,1,37,
1786578691,disarmed,67.7,1,37,
1786578692,armed,68.4,1,37,
1786578693,armed,69.3,1,37,
1786578694,armed,70.0,1,37,
1786578695,armed,71.0,1,37,
1786578696,armed,67.4,1,37,
1786578697,armed,63.2,1,37,
1786578698,armed,59.9,1,37,
1786578699,armed,56.0,1,37,
1786578700,armed,51.6,1,37,2715308
1786578701,armed,47.9,1,37,
1786578702,armed,44.9,1,37,
1786578703,armed,42.0,1,37,
1786578704,armed,38.0,1,37,
1786578705,armed,35.0,1,37,
1786578706,armed,32.4,1,37,
1786578707,armed,29.6,1,37,
1786578708,armed,27.3,1,37,
1786578709,armed,30.3,1,37,
1786578710,armed,30.6,1,37,
1786578711,armed,32.7,1,37,
1786578712,armed,34.7,1,37,
1786578713,armed,36.7,1,37,
1786578714,armed,39.2,1,37,
1786578715,armed,40.7,1,37,2718659
1786578716,armed,42.4,1,37,
1786578717,armed,44.1,1,37,
1786578718,armed,45.6,1,37,
1786578719,armed,47.6,1,37,
1786578720,armed,49.0,1,37,
1786578721,armed,50.4,1,37,
1786578722,armed,51.7,1,37,
1786578723,armed,53.4,1,37,
1786578724,armed,54.6,1,37,
1786578725,armed,55.9,1,37,
1786578726,armed,56.9,1,37,
1786578727,armed,58.1,1,37,
1786578728,armed,59.5,1,37,
1786578729,armed,60.6,1,37,
1786578730,armed,61.6,1,37,2722033
1786578731,armed,62.6,1,37,
1786578732,armed,63.9,1,37,
1786578733,armed,64.7,1,37,
1786578734,armed,65.7,1,37,
1786578736,armed,66.5,1,37,
1786578737,armed,67.4,1,37,
1786578738,armed,68.4,1,37,
1786578739,armed,69.3,1,37,
1786578740,armed,70.0,1,37,
1786578741,armed,70.8,1,37,
1786578742,armed,70.2,1,37,
1786578743,armed,63.9,1,37,
1786578744,armed,60.3,1,37,
1786578745,armed,56.7,1,37,
1786578746,armed,53.0,1,37,2725298
1786578747,armed,49.5,1,37,
1786578748,armed,45.4,1,37,
1786578749,armed,42.2,1,37,
1786578750,armed,39.4,1,37,
1786578751,armed,36.3,1,37,
1786578752,armed,33.4,1,37,
1786578753,armed,30.0,1,37,
1786578754,armed,27.4,1,37,
1786578755,armed,27.8,1,37,
1786578756,armed,29.9,1,37,
1786578757,armed,32.2,1,37,
1786578758,armed,35.0,1,37,
1786578759,armed,36.9,1,37,
1786578760,armed,38.7,1,37,
1786578761,armed,40.5,1,37,2728649
1786578762,armed,42.0,1,37,
1786578763,armed,44.1,1,37,
1786578764,armed,45.8,1,37,
1786578765,armed,47.2,1,37,
1786578766,armed,48.7,1,37,
1786578767,armed,50.4,1,37,
1786578768,armed,51.9,1,37,
1786578769,armed,53.1,1,37,
1786578770,armed,54.4,1,37,
1786578771,armed,55.5,1,37,
1786578772,armed,57.2,1,37,
1786578773,armed,58.2,1,37,
1786578774,armed,59.3,1,37,
1786578775,armed,60.4,1,37,
1786578776,armed,61.4,1,37,2731895
1786578777,armed,62.7,1,37,
1786578778,armed,63.7,1,37,
1786578779,armed,64.6,1,37,
1786578780,armed,65.5,1,37,
1786578781,armed,66.7,1,37,
1786578782,armed,67.5,1,37,
1786578783,armed,68.3,1,37,
1786578784,armed,69.2,1,37,
1786578785,armed,69.9,1,37,
1786578786,armed,70.9,1,37,
1786578787,armed,68.4,1,37,
1786578789,armed,64.7,1,37,
1786578790,armed,61.1,1,37,
1786578791,armed,57.0,1,37,
1786578792,armed,52.2,1,37,2735248
1786578793,armed,48.6,1,37,
1786578794,armed,45.6,1,37,
1786578795,armed,42.5,1,37,
1786578796,armed,39.6,1,37,
1786578797,armed,35.6,1,37,
1786578798,armed,33.0,1,37,
1786578799,armed,30.2,1,37,
1786578800,armed,27.8,1,37,
1786578801,armed,27.8,1,37,
1786578802,armed,30.4,1,37,
1786578803,armed,32.1,1,37,
1786578804,armed,34.5,1,37,
1786578805,armed,36.4,1,37,
1786578806,armed,38.3,1,37,
1786578807,armed,40.6,1,37,2738497
1786578808,armed,42.2,1,37,
1786578809,armed,43.9,1,37,
1786578810,armed,45.3,1,37,
1786578811,armed,46.9,1,37,
1786578812,armed,48.8,1,37,
1786578813,armed,50.2,1,37,
1786578814,armed,51.5,1,37,
1786578815,armed,52.8,1,37,
1786578816,armed,54.4,1,37,
1786578817,armed,55.6,1,37,
1786578818,armed,56.8,1,37,
1786578819,armed,57.9,1,37,
1786578820,armed,59.3,1,37,
1786578821,armed,60.4,1,37,
1786578822,armed,61.5,1,37,2741840
1786578823,armed,62.4,1,37,
1786578824,armed,63.4,1,37,
1786578825,armed,64.6,1,37,
1786578826,armed,65.6,1,37,
1786578827,armed,66.5,1,37,
1786578828,armed,67.3,1,37,
1786578829,armed,68.1,1,37,
1786578830,armed,69.1,1,37,
1786578831,armed,69.9,1,37,
1786578832,armed,70.7,1,37,
1786578833,armed,68.1,1,37,
1786578834,armed,65.8,1,37,
1786578835,armed,61.1,1,37,
1786578836,armed,56.8,1,37,
1786578837,armed,53.0,1,37,2745063
1786578838,armed,50.0,1,37,
1786578840,armed,46.4,1,37,
1786578841,armed,43.4,1,37,
1786578842,armed,39.3,1,37,
1786578843,armed,36.2,1,37,
1786578844,armed,33.7,1,37,
1786578845,armed,30.9,1,37,
1786578846,armed,27.6,1,37,
1786578847,armed,27.4,1,37,
1786578848,armed,29.0,1,37,
1786578849,armed,32.4,1,37,
1786578850,armed,33.8,1,37,
1786578851,armed,36.2,1,37,
1786578852,armed,37.8,1,37,
1786578853,armed,39.7,1,37,2748405
1786578854,armed,41.3,1,37,
1786578855,armed,43.5,1,37,
1786578856,armed,45.2,1,37,
1786578857,armed,46.5,1,37,
1786578858,armed,47.9,1,37,
1786578859,armed,49.9,1,37,
1786578860,armed,51.2,1,37,
1786578861,armed,52.5,1,37,
1786578862,armed,53.8,1,37,
1786578863,armed,55.0,1,37,
1786578864,armed,56.6,1,37,
1786578865,armed,57.7,1,37,
1786578866,armed,58.9,1,37,
1786578867,armed,59.9,1,37,
1786578868,armed,61.0,1,37,2751651
1786578869,armed,62.3,1,37,
1786578870,armed,63.2,1,37,
1786578871,armed,64.2,1,37,
1786578872,armed,65.1,1,37,
1786578873,armed,66.0,1,37,
1786578874,armed,67.1,1,37,
1786578875,armed,67.9,1,37,
1786578876,armed,68.8,1,37,
1786578877,armed,69.5,1,37,
1786578878,armed,70.3,1,37,
1786578879,armed,71.2,1,37,
1786578880,armed,66.0,1,37,
1786578881,armed,62.4,1,37,
1786578882,armed,58.4,1,37,
1786578883,armed,53.9,1,37,2754982
1786578884,armed,50.3,1,37,
1786578885,armed,46.8,1,37,
1786578886,armed,43.8,1,37,
1786578887,armed,40.7,1,37,
1786578888,armed,37.0,1,37,
1786578889,armed,34.0,1,37,
1786578890,armed,31.5,1,37,
1786578892,armed,28.7,1,37,
1786578893,armed,26.2,1,37,
1786578894,armed,29.2,1,37,
1786578895,armed,31.4,1,37,
1786578896,armed,33.4,1,37,
1786578897,armed,35.4,1,37,
1786578898,armed,37.0,1,37,
1786578899,armed,39.5,1,37,2758230
1786578900,armed,41.3,1,37,
1786578901,armed,42.9,1,37,
1786578902,armed,44.6,1,37,
1786578903,armed,46.0,1,37,
1786578904,armed,48.0,1,37,
1786578905,armed,49.4,1,37,
1786578906,armed,50.7,1,37,
1786578907,armed,52.1,1,37,
1786578908,armed,53.8,1,37,
1786578909,armed,55.1,1,37,
1786578910,armed,56.2,1,37,
1786578911,armed,57.4,1,37,
1786578912,armed,58.5,1,37,
1786578913,armed,59.9,1,37,
1786578914,armed,61.0,1,37,2761586
1786578915,armed,61.9,1,37,
1786578916,armed,62.9,1,37,
1786578917,armed,63.9,1,37,
1786578918,armed,65.1,1,37,
1786578919,armed,66.0,1,37,
1786578920,armed,66.9,1,37,
1786578921,armed,67.7,1,37,
1786578922,armed,68.5,1,37,
1786578923,armed,69.6,1,37,
1786578924,armed,70.3,1,37,
1786578925,armed,71.0,1,37,
1786578926,armed,65.7,1,37,
1786578927,armed,63.5,1,37,
1786578928,armed,58.4,1,37,
1786578929,armed,55.3,1,37,2764926
1786578930,armed,51.6,1,37,
1786578931,armed,48.4,1,37,
1786578932,armed,44.1,1,37,
1786578933,armed,41.0,1,37,
1786578934,armed,38.0,1,37,
1786578935,armed,35.2,1,37,
1786578936,armed,31.6,1,37,
1786578937,armed,29.1,1,37,
1786578938,armed,26.5,1,37,
1786578939,armed,30.3,1,37,
1786578940,armed,30.6,1,37,
1786578941,armed,33.5,1,37,
1786578943,armed,34.9,1,37,
1786578944,armed,37.1,1,37,
1786578945,armed,38.9,1,37,2768172
1786578946,armed,41.2,1,37,
1786578947,armed,42.8,1,37,
1786578948,armed,44.4,1,37,
1786578949,armed,45.8,1,37,
1786578950,armed,47.4,1,37,
1786578951,armed,49.2,1,37,
1786578952,armed,50.7,1,37,
1786578953,armed,52.0,1,37,
1786578954,armed,53.3,1,37,
1786578955,armed,54.6,1,37,
1786578956,armed,56.0,1,37,
1786578957,armed,57.3,1,37,
1786578958,armed,58.4,1,37,
1786578959,armed,59.4,1,37,
1786578960,armed,60.6,1,37,2771515
1786578961,armed,61.9,1,37,
1786578962,armed,62.9,1,37,
1786578963,armed,63.8,1,37,
1786578964,armed,64.7,1,37,
1786578965,armed,65.8,1,37,
1786578966,armed,66.8,1,37,
1786578967,armed,67.6,1,37,
1786578968,armed,68.4,1,37,
1786578969,armed,69.4,1,37,
1786578970,armed,70.2,1,37,
1786578971,armed,70.9,1,37,
1786578972,armed,67.9,1,37,
1786578973,armed,64.5,1,37,
1786578974,armed,59.2,1,37,
1786578975,armed,55.7,1,37,2774765
1786578976,armed,52.1,1,37,
1786578977,armed,48.8,1,37,
1786578978,armed,45.6,1,37,
1786578979,armed,41.3,1,37,
1786578980,armed,38.5,1,37,
1786578981,armed,35.5,1,37,
1786578982,armed,33.0,1,37,
1786578983,armed,29.3,1,37,
1786578984,armed,26.6,1,37,
1786578985,armed,28.2,1,37,
1786578986,armed,30.4,1,37,
1786578987,armed,32.2,1,37,
1786578988,armed,34.9,1,37,
1786578989,armed,37.1,1,37,
1786578990,armed,38.8,1,37,2778094
1786578991,armed,40.6,1,37,
1786578992,disarmed,42.2,1,37,
1786578994,disarmed,44.3,1,37,
1786578995,disarmed,45.9,1,37,
1786578996,disarmed,47.4,1,37,
1786578997,disarmed,48.7,1,37,
1786578998,disarmed,50.2,1,37,
1786578999,disarmed,52.0,1,37,
1786579000,disarmed,53.2,1,37,
1786579001,disarmed,54.5,1,37,
1786579002,disarmed,55.8,1,37,
1786579003,disarmed,56.8,1,37,
1786579004,disarmed,58.4,1,37,
1786579005,disarmed,59.5,1,37,
1786579006,disarmed,60.5,1,37,2781333
1786579007,disarmed,61.5,1,37,
1786579008,disarmed,62.6,1,37,
1786579009,disarmed,63.9,1,37,
1786579010,disarmed,64.7,1,37,
1786579011,disarmed,65.6,1,37,
1786579012,disarmed,66.5,1,37,
1786579013,disarmed,67.4,1,37,
1786579014,disarmed,68.5,1,37,
1786579015,disarmed,69.2,1,37,
1786579016,disarmed,70.0,1,37,
1786579017,disarmed,70.7,1,37,
1786579018,disarmed,67.8,1,37,
1786579019,disarmed,63.6,1,37,
1786579020,disarmed,59.9,1,37,
1786579021,disarmed,56.7,1,37,2784685
1786579022,disarmed,52.9,1,37,
1786579023,disarmed,48.5,1,37,
1786579024,disarmed,45.4,1,37,
1786579025,disarmed,42.2,1,37,
1786579026,disarmed,39.4,1,37,
1786579027,disarmed,36.3,1,37,
1786579028,disarmed,32.8,1,37,
1786579029,disarmed,30.0,1,37,
1786579030,disarmed,27.3,1,37,
1786579031,disarmed,28.6,1,37,
1786579032,disarmed,29.5,1,37,
1786579033,disarmed,32.8,1,37,
1786579034,disarmed,34.7,1,37,
1786579035,disarmed,36.5,1,37,
1786579036,disarmed,38.6,1,37,2787924
1786579037,disarmed,40.8,1,37,
1786579038,disarmed,42.3,1,37,
1786579039,disarmed,44.0,1,37,
1786579040,disarmed,45.5,1,37,
1786579041,disarmed,47.1,1,37,
1786579042,disarmed,48.9,1,37,
1786579043,disarmed,50.3,1,37,
1786579044,disarmed,51.6,1,37,
1786579046,disarmed,52.9,1,37,
1786579047,disarmed,54.3,1,37,
1786579048,disarmed,55.7,1,37,
1786579049,disarmed,57.0,1,37,
1786579050,disarmed,58.1,1,37,
1786579051,disarmed,59.2,1,37,
1786579052,disarmed,60.2,1,37,2791289
1786579053,disarmed,61.6,1,37,
1786579054,disarmed,62.7,1,37,
1786579055,disarmed,63.5,1,37,
1786579056,disarmed,64.4,1,37,
1786579057,disarmed,65.6,1,37,
1786579058,disarmed,66.5,1,37,
1786579059,disarmed,67.3,1,37,
1786579060,disarmed,68.2,1,37,
1786579061,disarmed,69.0,1,37,
1786579062,disarmed,70.0,1,37,
1786579063,disarmed,70.7,1,37,
1786579064,disarmed,68.0,1,37,
1786579065,disarmed,65.5,1,37,
1786579066,disarmed,61.1,1,37,
1786579067,disarmed,56.4,1,37,2794544
1786579068,disarmed,52.9,1,37,
1786579069,disarmed,49.4,1,37,
1786579070,disarmed,46.4,1,37,
1786579071,disarmed,43.1,1,37,
1786579072,disarmed,39.0,1,37,
1786579073,disarmed,36.3,1,37,
1786579074,disarmed,33.4,1,37,
1786579075,disarmed,30.8,1,37,
1786579076,disarmed,27.3,1,37,
1786579077,disarmed,26.8,1,37,
1786579078,disarmed,29.4,1,37,
1786579079,disarmed,31.8,1,37,
1786579080,disarmed,34.0,1,37,
1786579081,disarmed,35.8,1,37,
1786579082,disarmed,38.1,1,37,2797883
1786579083,disarmed,39.9,1,37,
1786579084,disarmed,41.5,1,37,
1786579085,disarmed,43.2,1,37,
1786579086,disarmed,45.4,1,37,
1786579087,disarmed,46.8,1,37,
1786579088,disarmed,48.3,1,37,
1786579089,disarmed,49.6,1,37,
1786579090,disarmed,51.0,1,37,
1786579091,disarmed,52.7,1,37,
1786579092,disarmed,54.0,1,37,
1786579093,disarmed,55.2,1,37,
1786579094,disarmed,56.4,1,37,
1786579095,disarmed,57.5,1,37,
1786579096,disarmed,59.0,1,37,
1786579097,disarmed,60.1,1,37,2801131
1786579099,disarmed,61.1,1,37,
1786579100,disarmed,62.1,1,37,
1786579101,disarmed,63.1,1,37,
1786579102,disarmed,64.3,1,37,
1786579103,disarmed,65.3,1,37,
1786579104,disarmed,66.1,1,37,
1786579105,disarmed,67.0,1,37,
1786579106,disarmed,67.9,1,37,
1786579107,disarmed,68.9,1,37,
1786579108,disarmed,69.7,1,37,
1786579109,disarmed,70.5,1,37,
1786579110,disarmed,71.2,1,37,
1786579111,disarmed,66.0,1,37,
1786579112,disarmed,61.1,1,37,
1786579113,disarmed,58.4,1,37,2804491
1786579114,disarmed,54.4,1,37,
1786579115,disarmed,50.8,1,37,
1786579116,disarmed,46.8,1,37,
1786579117,disarmed,43.4,1,37,
1786579118,disarmed,40.6,1,37,
1786579119,disarmed,37.4,1,37,
1786579120,disarmed,34.4,1,37,
1786579121,disarmed,31.0,1,37,
1786579122,disarmed,28.4,1,37,
1786579123,disarmed,26.0,1,37,
1786579124,disarmed,28.7,1,37,
1786579125,disarmed,31.2,1,37,
1786579126,disarmed,33.4,1,37,
1786579127,disarmed,35.6,1,37,
1786579128,disarmed,37.2,1,37,2807834
1786579129,disarmed,39.2,1,37,
1786579130,disarmed,40.9,1,37,
1786579131,disarmed,43.1,1,37,
1786579132,disarmed,44.7,1,37,
1786579133,disarmed,46.1,1,37,
1786579134,disarmed,47.7,1,37,
1786579135,disarmed,49.1,1,37,
1786579136,disarmed,50.9,1,37,
1786579137,disarmed,52.1,1,37,
1786579138,disarmed,53.5,1,37,
1786579139,disarmed,54.8,1,37,
1786579140,disarmed,55.9,1,37,
1786579141,disarmed,57.5,1,37,
1786579142,disarmed,58.5,1,37,
1786579143,disarmed,59.6,1,37,2811070
1786579144,disarmed,60.8,1,37,
1786579145,disarmed,62.0,1,37,
1786579146,disarmed,63.1,1,37,
1786579147,disarmed,63.9,1,37,
1786579148,disarmed,64.9,1,37,
1786579150,disarmed,65.7,1,37,
1786579151,disarmed,66.9,1,37,
1786579152,disarmed,67.8,1,37,
1786579153,disarmed,68.6,1,37,
1786579154,disarmed,69.4,1,37,
1786579155,disarmed,70.1,1,37,
1786579156,disarmed,71.1,1,37,
1786579157,disarmed,65.5,1,37,
1786579158,disarmed,62.8,1,37,
1786579159,disarmed,60.0,1,37,2814419
1786579160,disarmed,55.0,1,37,
1786579161,disarmed,51.5,1,37,
1786579162,disarmed,48.0,1,37,
1786579163,disarmed,44.7,1,37,
1786579164,disarmed,41.8,1,37,
1786579165,disarmed,37.8,1,37,
1786579166,disarmed,35.2,1,37,
1786579167,disarmed,32.3,1,37,
1786579168,disarmed,29.8,1,37,
1786579169,disarmed,27.2,1,37,
1786579170,disarmed,30.2,1,37,
1786579171,disarmed,30.4,1,37,
1786579172,disarmed,32.3,1,37,
1786579173,disarmed,34.5,1,37,
1786579174,disarmed,36.6,1,37,2817676
1786579175,disarmed,39.0,1,37,
1786579176,disarmed,40.6,1,37,
1786579177,disarmed,42.4,1,37,
1786579178,disarmed,43.9,1,37,
1786579179,disarmed,45.5,1,37,
1786579180,disarmed,47.6,1,37,
1786579181,disarmed,48.9,1,37,
1786579182,disarmed,50.3,1,37,
1786579183,disarmed,51.6,1,37,
1786579184,disarmed,52.8,1,37,
1786579185,disarmed,54.6,1,37,
1786579186,disarmed,55.8,1,37,
1786579187,disarmed,56.9,1,37,
1786579188,disarmed,58.1,1,37,
1786579189,disarmed,59.4,1,37,2821018
1786579190,disarmed,60.5,1,37,
1786579191,disarmed,61.6,1,37,
1786579192,disarmed,62.5,1,37,
1786579193,disarmed,63.6,1,37,
1786579194,disarmed,64.7,1,37,
1786579195,disarmed,65.7,1,37,
1786579196,disarmed,66.6,1,37,
1786579197,disarmed,67.4,1,37,
1786579198,disarmed,68.2,1,37,
1786579199,disarmed,69.0,1,37,
1786579200,disarmed,70.0,1,37,
1786579202,disarmed,70.8,1,37,
1786579203,disarmed,67.8,1,37,
1786579204,disarmed,65.1,1,37,
1786579205,disarmed,60.0,1,37,2824255
1786579206,disarmed,56.4,1,37,
1786579207,disarmed,52.6,1,37,
1786579208,disarmed,49.4,1,37,
1786579209,disarmed,46.0,1,37,
1786579210,disarmed,42.8,1,37,
1786579211,disarmed,39.0,1,37,
1786579212,disarmed,36.0,1,37,
1786579213,disarmed,33.3,1,37,
1786579214,disarmed,30.5,1,37,
1786579215,disarmed,27.4,1,37,
1786579216,disarmed,28.6,1,37,
1786579217,disarmed,29.3,1,37,
1786579218,disarmed,32.2,1,37,
1786579219,disarmed,34.1,1,37,
1786579220,disarmed,36.4,1,37,2827601
1786579221,disarmed,38.2,1,37,
1786579222,disarmed,39.8,1,37,
1786579223,disarmed,41.7,1,37,
1786579224,disarmed,43.2,1,37,
1786579225,disarmed,45.3,1,37,
1786579226,disarmed,46.8,1,37,
1786579227,disarmed,48.3,1,37,
1786579228,disarmed,49.7,1,37,
1786579229,disarmed,51.0,1,37,
1786579230,disarmed,52.7,1,37,
1786579231,disarmed,54.1,1,37,
1786579232,disarmed,55.2,1,37,
1786579233,disarmed,56.5,1,37,
1786579234,disarmed,57.5,1,37,
1786579235,disarmed,59.0,1,37,2830836
1786579236,disarmed,60.1,1,37,
1786579237,disarmed,61.1,1,37,
1786579238,disarmed,62.1,1,37,
1786579239,disarmed,63.4,1,37,
1786579240,disarmed,64.3,1,37,
1786579241,disarmed,65.3,1,37,
1786579242,disarmed,66.2,1,37,
1786579243,disarmed,67.3,1,37,
1786579244,disarmed,68.1,1,37,
1786579245,disarmed,68.9,1,37,
1786579246,disarmed,69.6,1,37,
1786579247,disarmed,70.6,1,37,
1786579248,disarmed,68.4,1,37,
1786579249,disarmed,65.7,1,37,
1786579250,disarmed,60.7,1,37,2834184
1786579251,disarmed,57.4,1,37,
1786579253,disarmed,54.3,1,37,
1786579254,disarmed,49.7,1,37,
1786579255,disarmed,46.5,1,37,
1786579256,disarmed,43.4,1,37,
1786579257,disarmed,40.3,1,37,
1786579258,disarmed,36.4,1,37,
1786579259,disarmed,33.4,1,37,
1786579260,disarmed,31.0,1,37,
1786579261,disarmed,28.3,1,37,
1786579262,disarmed,26.0,1,37,
1786579263,disarmed,29.2,1,37,
1786579264,disarmed,32.6,1,37,
1786579265,disarmed,34.1,1,37,
1786579266,disarmed,35.9,1,37,2837425
1786579267,disarmed,37.6,1,37,
1786579268,disarmed,40.0,1,37,
1786579269,disarmed,41.6,1,37,
1786579270,disarmed,43.3,1,37,
1786579271,disarmed,45.0,1,37,
1786579272,disarmed,46.4,1,37,
1786579273,disarmed,48.4,1,37,
1786579274,disarmed,49.7,1,37,
1786579275,disarmed,51.1,1,37,
1786579276,disarmed,52.4,1,37,
1786579277,disarmed,53.7,1,37,
1786579278,disarmed,55.2,1,37,
1786579279,disarmed,56.5,1,37,
1786579280,disarmed,57.7,1,37,
1786579281,disarmed,58.7,1,37,2840791
1786579282,disarmed,60.2,1,37,
1786579283,disarmed,61.1,1,37,
1786579284,disarmed,62.2,1,37,
1786579285,disarmed,63.1,1,37,
1786579286,disarmed,64.1,1,37,
1786579287,disarmed,65.3,1,37,
1786579288,disarmed,66.2,1,37,
1786579289,disarmed,67.1,1,37,
1786579290,disarmed,67.8,1,37,
1786579291,disarmed,68.7,1,37,
1786579292,armed,69.7,1,37,
1786579293,armed,70.5,1,37,
1786579294,armed,71.3,1,37,
1786579295,armed,66.7,1,37,
1786579296,armed,62.4,1,37,2844021
1786579297,armed,57.6,1,37,
1786579298,armed,54.4,1,37,
1786579299,armed,50.9,1,37,
1786579300,armed,47.7,1,37,
1786579301,armed,44.4,1,37,
1786579302,armed,40.2,1,37,
1786579303,armed,37.5,1,37,
1786579305,armed,34.5,1,37,
1786579306,armed,31.9,1,37,
1786579307,armed,29.4,1,37,
1786579308,armed,26.1,1,37,
1786579309,armed,28.8,1,37,
1786579310,armed,31.5,1,37,
1786579311,armed,33.0,1,37,
1786579312,armed,34.8,1,37,2847379
1786579313,armed,37.3,1,37,
1786579314,armed,39.2,1,37,
1786579315,armed,41.1,1,37,
1786579316,armed,42.5,1,37,
1786579317,armed,44.2,1,37,
1786579318,armed,46.3,1,37,
1786579319,armed,47.7,1,37,
1786579320,armed,49.2,1,37,
1786579321,armed,50.5,1,37,
1786579322,armed,51.9,1,37,
1786579323,armed,53.6,1,37,
1786579324,armed,54.7,1,37,
1786579325,armed,56.0,1,37,
1786579326,armed,57.1,1,37,
1786579327,armed,58.3,1,37,2850712
1786579328,armed,59.7,1,37,
1786579329,armed,60.7,1,37,
1786579330,armed,61.8,1,37,
1786579331,armed,62.7,1,37,
1786579332,armed,63.7,1,37,
1786579333,armed,64.9,1,37,
1786579334,armed,65.8,1,37,
1786579335,armed,66.7,1,37,
1786579336,armed,67.6,1,37,
1786579337,armed,68.4,1,37,
1786579338,armed,69.4,1,37,
1786579339,armed,70.2,1,37,
1786579340,armed,71.0,1,37,
1786579341,armed,68.1,1,37,
1786579342,armed,64.1,1,37,2853955
1786579343,armed,59.3,1,37,
1786579344,armed,55.7,1,37,
1786579345,armed,51.9,1,37,
1786579346,armed,48.6,1,37,
1786579347,armed,45.4,1,37,
1786579348,armed,41.3,1,37,
1786579349,armed,38.3,1,37,
1786579350,armed,35.4,1,37,
1786579351,armed,32.7,1,37,
1786579352,armed,30.0,1,37,
1786579353,armed,27.6,1,37,
1786579354,armed,28.3,1,37,
1786579355,armed,30.2,1,37,
1786579357,armed,32.3,1,37,
1786579358,armed,34.3,1,37,2857312
1786579359,armed,36.9,1,37,
1786579360,armed,38.7,1,37,
1786579361,armed,40.5,1,37,
1786579362,armed,42.3,1,37,
1786579363,armed,43.7,1,37,
1786579364,armed,45.9,1,37,
1786579365,armed,47.4,1,37,
1786579366,armed,48.8,1,37,
1786579367,armed,50.3,1,37,
1786579368,armed,51.5,1,37,
1786579369,armed,53.3,1,37,
1786579370,armed,54.5,1,37,
1786579371,armed,55.6,1,37,
1786579372,armed,56.9,1,37,
1786579373,armed,58.0,1,37,2860553
1786579374,armed,59.5,1,37,
1786579375,armed,60.5,1,37,
1786579376,armed,61.5,1,37,
1786579377,armed,62.5,1,37,
1786579378,armed,63.5,1,37,
1786579379,armed,64.8,1,37,
1786579380,armed,65.6,1,37,
1786579381,armed,66.5,1,37,
1786579382,armed,67.3,1,37,
1786579383,armed,68.4,1,37,
1786579384,armed,69.2,1,37,
1786579385,armed,70.0,1,37,
1786579386,armed,70.7,1,37,
1786579387,armed,70.3,1,37,
1786579388,armed,64.2,1,37,2863908
1786579389,armed,61.0,1,37,
1786579390,armed,56.9,1,37,
1786579391,armed,53.1,1,37,
1786579392,armed,49.8,1,37,
1786579393,armed,45.5,1,37,
1786579394,armed,42.6,1,37,
1786579395,armed,39.3,1,37,
1786579396,armed,36.2,1,37,
1786579397,armed,33.7,1,37,
1786579398,armed,30.0,1,37,
1786579399,armed,27.3,1,37,
1786579400,armed,26.8,1,37,
1786579401,armed,29.3,1,37,
1786579402,armed,31.7,1,37,
1786579403,armed,34.0,1,37,2867146
1786579404,armed,36.4,1,37,
1786579405,armed,38.0,1,37,
1786579406,armed,39.9,1,37,
1786579407,armed,41.5,1,37,
1786579409,armed,43.7,1,37,
1786579410,armed,45.2,1,37,
1786579411,armed,46.8,1,37,
1786579412,armed,48.2,1,37,
1786579413,armed,49.6,1,37,
1786579414,armed,51.5,1,37,
1786579415,armed,52.7,1,37,
1786579416,armed,53.8,1,37,
1786579417,armed,55.2,1,37,
1786579418,armed,56.7,1,37,
1786579419,armed,57.9,1,37,2870495
1786579420,armed,59.0,1,37,
1786579421,armed,60.0,1,37,
1786579422,armed,61.1,1,37,
1786579423,armed,62.3,1,37,
1786579424,armed,63.3,1,37,
1786579425,armed,64.2,1,37,
1786579426,armed,65.2,1,37,
1786579427,armed,66.3,1,37,
1786579428,armed,67.2,1,37,
1786579429,armed,68.0,1,37,
1786579430,armed,68.8,1,37,
1786579431,armed,69.6,1,37,
1786579432,armed,70.6,1,37,
1786579433,armed,70.4,1,37,
1786579434,armed,66.0,1,37,2873746
1786579435,armed,62.3,1,37,
1786579436,armed,57.1,1,37,
1786579437,armed,53.6,1,37,
1786579438,armed,50.5,1,37,
1786579439,armed,47.0,1,37,
1786579440,armed,44.1,1,37,
1786579441,armed,39.8,1,37,
1786579442,armed,36.7,1,37,
1786579443,armed,34.2,1,37,
1786579444,armed,31.4,1,37,
1786579445,armed,28.8,1,37,
1786579446,armed,25.8,1,37,
1786579447,armed,29.3,1,37,
1786579448,armed,31.4,1,37,
1786579449,armed,33.5,1,37,2877089
1786579450,armed,36.1,1,37,
1786579451,armed,38.0,1,37,
1786579452,armed,39.7,1,37,
1786579453,armed,41.4,1,37,
1786579454,armed,43.0,1,37,
1786579455,armed,44.7,1,37,
1786579456,armed,46.7,1,37,
1786579457,armed,48.1,1,37,
1786579458,armed,49.6,1,37,
1786579459,armed,50.9,1,37,
1786579461,armed,52.2,1,37,
1786579462,armed,54.0,1,37,
1786579463,armed,55.1,1,37,
1786579464,armed,56.3,1,37,
1786579465,armed,57.5,1,37,2880319
1786579466,armed,58.9,1,37,
1786579467,armed,60.1,1,37,
1786579468,armed,61.0,1,37,
1786579469,armed,62.1,1,37,
1786579470,armed,63.0,1,37,
1786579471,armed,64.0,1,37,
1786579472,armed,65.3,1,37,
1786579473,armed,66.1,1,37,
1786579474,armed,67.0,1,37,
1786579475,armed,67.8,1,37,
1786579476,armed,68.6,1,37,
1786579477,armed,69.7,1,37,
1786579478,armed,70.4,1,37,
1786579479,armed,71.1,1,37,
1786579480,armed,65.5,1,37,2883670
1786579481,armed,62.2,1,37,
1786579482,armed,58.5,1,37,
1786579483,armed,54.9,1,37,
1786579484,armed,51.7,1,37,
1786579485,armed,47.1,1,37,
1786579486,armed,44.0,1,37,
1786579487,armed,40.8,1,37,
1786579488,armed,38.1,1,37,
1786579489,armed,35.1,1,37,
1786579490,armed,32.2,1,37,
1786579491,armed,28.9,1,37,
1786579492,armed,26.4,1,37,
1786579493,armed,29.1,1,37,
1786579494,armed,30.5,1,37,
1786579495,armed,33.1,1,37,2886923
1786579496,armed,34.8,1,37,
1786579497,armed,36.9,1,37,
1786579498,armed,38.8,1,37,
1786579499,armed,41.0,1,37,
1786579500,armed,42.8,1,37,
1786579501,armed,44.2,1,37,
1786579502,armed,45.8,1,37,
1786579503,armed,47.2,1,37,
1786579504,armed,49.2,1,37,
1786579505,armed,50.6,1,37,
1786579506,armed,51.9,1,37,
1786579507,armed,53.1,1,37,
1786579508,armed,54.8,1,37,
1786579509,armed,56.1,1,37,
1786579510,armed,57.1,1,37,2890268
1786579512,armed,58.3,1,37,
1786579513,armed,59.3,1,37,
1786579514,armed,60.8,1,37,
1786579515,armed,61.7,1,37,
1786579516,armed,62.8,1,37,
1786579517,armed,63.6,1,37,
1786579518,armed,64.9,1,37,
1786579519,armed,65.7,1,37,
1786579520,armed,66.6,1,37,
1786579521,armed,67.5,1,37,
1786579522,armed,68.3,1,37,
1786579523,armed,69.1,1,37,
1786579524,armed,70.1,1,37,
1786579525,armed,70.9,1,37,
1786579526,armed,68.2,1,37,2893609
1786579527,armed,64.9,1,37,
1786579528,armed,59.7,1,37,
1786579529,armed,55.7,1,37,
1786579530,armed,52.3,1,37,
1786579531,armed,49.2,1,37,
1786579532,armed,45.8,1,37,
1786579533,armed,41.5,1,37,
1786579534,armed,38.7,1,37,
1786579535,armed,35.7,1,37,
1786579536,armed,33.1,1,37,
1786579537,armed,30.3,1,37,
1786579538,armed,27.0,1,37,
1786579539,armed,27.8,1,37,
1786579540,armed,29.5,1,37,
1786579541,armed,31.7,1,37,2896838
1786579542,armed,34.1,1,37,
1786579543,armed,36.7,1,37,
1786579544,armed,38.4,1,37,
1786579545,armed,40.0,1,37,
1786579546,armed,41.7,1,37,
1786579547,armed,43.7,1,37,
1786579548,armed,45.4,1,37,
1786579549,armed,47.0,1,37,
1786579550,armed,48.3,1,37,
1786579551,armed,50.3,1,37,
1786579552,armed,51.5,1,37,
1786579553,armed,52.9,1,37,
1786579554,armed,54.1,1,37,
1786579555,armed,55.3,1,37,
1786579556,armed,56.9,1,37,2900191
1786579557,armed,58.0,1,37,
1786579558,armed,59.2,1,37,
1786579559,armed,60.1,1,37,
1786579560,armed,61.2,1,37,
1786579561,armed,62.6,1,37,
1786579563,armed,63.5,1,37,
1786579564,armed,64.4,1,37,
1786579565,armed,65.3,1,37,
1786579566,armed,66.4,1,37,
1786579567,armed,67.3,1,37,
1786579568,armed,68.2,1,37,
1786579569,armed,68.9,1,37,
1786579570,armed,69.6,1,37,
1786579571,armed,70.7,1,37,
1786579572,armed,68.9,1,37,2903442
1786579573,armed,65.9,1,37,
1786579574,armed,60.8,1,37,
1786579575,armed,57.1,1,37,
1786579576,armed,53.2,1,37,
1786579577,armed,50.3,1,37,
1786579578,armed,46.8,1,37,
1786579579,armed,43.9,1,37,
1786579580,armed,39.6,1,37,
1786579581,armed,36.8,1,37,
1786579582,armed,33.9,1,37,
1786579583,armed,31.4,1,37,
1786579584,armed,28.7,1,37,
1786579585,armed,25.6,1,37,
1786579586,armed,29.1,1,37,
1786579587,armed,31.2,1,37,2906803
1786579588,armed,33.3,1,37,
1786579589,armed,35.8,1,37,
1786579590,armed,37.7,1,37,
1786579591,armed,39.5,1,37,
1786579592,disarmed,41.3,1,37,
1786579593,disarmed,42.9,1,37,
1786579594,disarmed,45.0,1,37,
1786579595,disarmed,46.4,1,37,
1786579596,disarmed,48.0,1,37,
1786579597,disarmed,49.3,1,37,
1786579598,disarmed,50.8,1,37,
1786579599,disarmed,52.5,1,37,
1786579600,disarmed,53.8,1,37,
1786579601,disarmed,55.0,1,37,
1786579602,disarmed,56.1,1,37,2910061
1786579603,disarmed,57.3,1,37,
1786579604,disarmed,58.9,1,37,
1786579605,disarmed,59.9,1,37,
1786579606,disarmed,60.9,1,37,
1786579607,disarmed,61.9,1,37,
1786579608,disarmed,63.0,1,37,
1786579609,disarmed,64.2,1,37,
1786579610,disarmed,65.1,1,37,
1786579611,disarmed,65.9,1,37,
1786579612,disarmed,66.8,1,37,
1786579613,disarmed,67.7,1,37,
1786579615,disarmed,68.7,1,37,
1786579616,disarmed,69.6,1,37,
1786579617,disarmed,70.3,1,37,
1786579618,disarmed,71.0,1,37,2913412
1786579619,disarmed,66.1,1,37,
1786579620,disarmed,62.4,1,37,
1786579621,disarmed,59.0,1,37,
1786579622,disarmed,55.8,1,37,
1786579623,disarmed,52.0,1,37,
1786579624,disarmed,47.5,1,37,
1786579625,disarmed,44.3,1,37,
1786579626,disarmed,41.3,1,37,
1786579627,disarmed,38.4,1,37,
1786579628,disarmed,35.4,1,37,
1786579629,disarmed,31.8,1,37,
1786579630,disarmed,29.2,1,37,
1786579631,disarmed,26.7,1,37,
1786579632,disarmed,28.2,1,37,
1786579633,disarmed,30.2,1,37,2916664
1786579634,disarmed,33.1,1,37,
1786579635,disarmed,34.8,1,37,
1786579636,disarmed,37.0,1,37,
1786579637,disarmed,38.7,1,37,
1786579638,disarmed,40.5,1,37,
1786579639,disarmed,42.6,1,37,
1786579640,disarmed,44.3,1,37,
1786579641,disarmed,45.8,1,37,
1786579642,disarmed,47.3,1,37,
1786579643,disarmed,49.3,1,37,
1786579644,disarmed,50.5,1,37,
1786579645,disarmed,51.9,1,37,
1786579646,disarmed,53.2,1,37,
1786579647,disarmed,54.5,1,37,
1786579648,disarmed,55.7,1,37,2920011
1786579649,disarmed,57.2,1,37,
1786579650,disarmed,58.4,1,37,
1786579651,disarmed,59.3,1,37,
1786579652,disarmed,60.4,1,37,
1786579653,disarmed,61.7,1,37,
1786579654,disarmed,62.8,1,37,
1786579655,disarmed,63.8,1,37,
1786579656,disarmed,64.6,1,37,
1786579657,disarmed,65.6,1,37,
1786579658,disarmed,66.7,1,37,
1786579659,disarmed,67.6,1,37,
1786579660,disarmed,68.3,1,37,
1786579661,disarmed,69.2,1,37,
1786579662,disarmed,70.0,1,37,
1786579663,disarmed,70.9,1,37,2923253
1786579664,disarmed,68.4,1,37,
1786579666,disarmed,64.8,1,37,
1786579667,disarmed,60.8,1,37,
1786579668,disarmed,57.1,1,37,
1786579669,disarmed,52.2,1,37,
1786579670,disarmed,48.9,1,37,
1786579671,disarmed,45.8,1,37,
1786579672,disarmed,42.5,1,37,
1786579673,disarmed,39.6,1,37,
1786579674,disarmed,35.7,1,37,
1786579675,disarmed,33.1,1,37,
1786579676,disarmed,30.2,1,37,
1786579677,disarmed,27.9,1,37,
1786579678,disarmed,27.3,1,37,
1786579679,disarmed,29.7,1,37,2926603
1786579680,disarmed,31.8,1,37,
1786579681,disarmed,34.1,1,37,
1786579682,disarmed,36.1,1,37,
1786579683,disarmed,38.5,1,37,
1786579684,disarmed,40.3,1,37,
1786579685,disarmed,41.9,1,37,
1786579686,disarmed,43.7,1,37,
1786579687,disarmed,45.1,1,37,
1786579688,disarmed,46.7,1,37,
1786579689,disarmed,48.7,1,37,
1786579690,disarmed,50.2,1,37,
1786579691,disarmed,51.4,1,37,
1786579692,disarmed,52.8,1,37,
1786579693,disarmed,54.0,1,37,
1786579694,disarmed,55.6,1,37,2929963
1786579695,disarmed,56.7,1,37,
1786579696,disarmed,57.9,1,37,
1786579697,disarmed,58.9,1,37,
1786579698,disarmed,60.4,1,37,
1786579699,disarmed,61.3,1,37,
1786579700,disarmed,62.3,1,37,
1786579701,disarmed,63.3,1,37,
1786579702,disarmed,64.3,1,37,
1786579703,disarmed,65.5,1,37,
1786579704,disarmed,66.4,1,37,
1786579705,disarmed,67.2,1,37,
1786579706,disarmed,68.1,1,37,
1786579707,disarmed,68.8,1,37,
1786579708,disarmed,69.9,1,37,
1786579709,disarmed,70.6,1,37,2933197
1786579710,disarmed,69.2,1,37,
1786579711,disarmed,65.7,1,37,
1786579712,disarmed,60.8,1,37,
1786579713,disarmed,56.5,1,37,
1786579714,disarmed,53.1,1,37,
1786579715,disarmed,49.7,1,37,
1786579717,disarmed,46.7,1,37,
1786579718,disarmed,42.3,1,37,
1786579719,disarmed,39.5,1,37,
1786579720,disarmed,36.3,1,37,
1786579721,disarmed,33.8,1,37,
1786579722,disarmed,31.0,1,37,
1786579723,disarmed,27.5,1,37,
1786579724,disarmed,28.4,1,37,
1786579725,disarmed,29.5,1,37,2936540
1786579726,disarmed,32.4,1,37,
1786579727,disarmed,34.5,1,37,
1786579728,disarmed,36.5,1,37,
1786579729,disarmed,38.3,1,37,
1786579730,disarmed,40.0,1,37,
1786579731,disarmed,41.7,1,37,
1786579732,disarmed,43.4,1,37,
1786579733,disarmed,45.4,1,37,
1786579734,disarmed,47.0,1,37,
1786579735,disarmed,48.3,1,37,
1786579736,disarmed,49.8,1,37,
1786579737,disarmed,51.6,1,37,
1786579738,disarmed,52.8,1,37,
1786579739,disarmed,54.2,1,37,
1786579740,disarmed,55.3,1,37,2939785
1786579741,disarmed,56.5,1,37,
1786579742,disarmed,58.0,1,37,
1786579743,disarmed,59.1,1,37,
1786579744,disarmed,60.2,1,37,
1786579745,disarmed,61.2,1,37,
1786579746,disarmed,62.1,1,37,
1786579747,disarmed,63.4,1,37,
1786579748,disarmed,64.3,1,37,
1786579749,disarmed,65.3,1,37,
1786579750,disarmed,66.2,1,37,
1786579751,disarmed,67.3,1,37,
1786579752,disarmed,68.2,1,37,
1786579753,disarmed,69.0,1,37,
1786579754,disarmed,69.7,1,37,
1786579755,disarmed,70.5,1,37,2943140
1786579756,disarmed,68.9,1,37,
1786579757,disarmed,65.3,1,37,
1786579758,disarmed,61.2,1,37,
1786579759,disarmed,57.5,1,37,
1786579760,disarmed,53.9,1,37,
1786579761,disarmed,49.7,1,37,
1786579762,disarmed,46.7,1,37,
1786579763,disarmed,43.3,1,37,
1786579764,disarmed,40.1,1,37,
1786579765,disarmed,37.0,1,37,
1786579766,disarmed,33.5,1,37,
1786579768,disarmed,30.7,1,37,
1786579769,disarmed,28.3,1,37,
1786579770,disarmed,25.9,1,37,
1786579771,disarmed,29.3,1,37,2946387
1786579772,disarmed,32.0,1,37,
1786579773,disarmed,34.5,1,37,
1786579774,disarmed,36.0,1,37,
1786579775,disarmed,37.9,1,37,
1786579776,disarmed,39.6,1,37,
1786579777,disarmed,41.9,1,37,
1786579778,disarmed,43.7,1,37,
1786579779,disarmed,45.1,1,37,
1786579780,disarmed,46.7,1,37,
1786579781,disarmed,48.1,1,37,
1786579782,disarmed,50.0,1,37,
1786579783,disarmed,51.2,1,37,
1786579784,disarmed,52.6,1,37,
1786579785,disarmed,54.0,1,37,
1786579786,disarmed,55.1,1,37,2949740
1786579787,disarmed,56.7,1,37,
1786579788,disarmed,57.8,1,37,
1786579789,disarmed,58.9,1,37,
1786579790,disarmed,59.9,1,37,
1786579791,disarmed,61.3,1,37,
1786579792,disarmed,62.4,1,37,
1786579793,disarmed,63.3,1,37,
1786579794,disarmed,64.3,1,37,
1786579795,disarmed,65.2,1,37,
1786579796,disarmed,66.3,1,37,
1786579797,disarmed,67.1,1,37,
1786579798,disarmed,68.0,1,37,
1786579799,disarmed,68.7,1,37,
1786579800,disarmed,69.6,1,37,
1786579801,disarmed,70.6,1,37,2952976
1786579802,disarmed,71.3,1,37,
1786579803,disarmed,66.0,1,37,
1786579804,disarmed,62.6,1,37,
1786579805,disarmed,57.3,1,37,
1786579806,disarmed,53.9,1,37,
1786579807,disarmed,50.7,1,37,
1786579808,disarmed,47.0,1,37,
1786579809,disarmed,44.1,1,37,
1786579810,disarmed,40.0,1,37,
1786579811,disarmed,37.2,1,37,
1786579812,disarmed,34.3,1,37,
1786579813,disarmed,31.4,1,37,
1786579814,disarmed,29.0,1,37,
1786579815,disarmed,25.7,1,37,
1786579816,disarmed,29.3,1,37,2956321
1786579817,disarmed,31.2,1,37,
1786579819,disarmed,33.3,1,37,
1786579820,disarmed,35.2,1,37,
1786579821,disarmed,37.8,1,37,
1786579822,disarmed,39.5,1,37,
1786579823,disarmed,41.3,1,37,
1786579824,disarmed,42.8,1,37,
1786579825,disarmed,45.0,1,37,
1786579826,disarmed,46.6,1,37,
1786579827,disarmed,48.0,1,37,
1786579828,disarmed,49.3,1,37,
1786579829,disarmed,50.8,1,37,
1786579830,disarmed,52.6,1,37,
1786579831,disarmed,53.7,1,37,
1786579832,disarmed,55.0,1,37,2959540
1786579833,disarmed,56.1,1,37,
1786579834,disarmed,57.4,1,37,
1786579835,disarmed,58.8,1,37,
1786579836,disarmed,59.9,1,37,
1786579837,disarmed,61.0,1,37,
1786579838,disarmed,61.9,1,37,
1786579839,disarmed,63.0,1,37,
1786579840,disarmed,64.2,1,37,
1786579841,disarmed,65.1,1,37,
1786579842,disarmed,66.0,1,37,
1786579843,disarmed,66.8,1,37,
1786579844,disarmed,67.7,1,37,
1786579845,disarmed,68.8,1,37,
1786579846,disarmed,69.6,1,37,
1786579847,disarmed,70.3,1,37,2962883
1786579848,disarmed,71.0,1,37,
1786579849,disarmed,65.4,1,37,
1786579850,disarmed,62.4,1,37,
1786579851,disarmed,58.6,1,37,
1786579852,disarmed,55.5,1,37,
1786579853,disarmed,51.6,1,37,
1786579854,disarmed,47.0,1,37,
1786579855,disarmed,44.0,1,37,
1786579856,disarmed,40.8,1,37,
1786579857,disarmed,37.7,1,37,
1786579858,disarmed,35.1,1,37,
1786579859,disarmed,31.4,1,37,
1786579860,disarmed,29.0,1,37,
1786579861,disarmed,26.2,1,37,
1786579862,disarmed,28.3,1,37,2966232
1786579863,disarmed,30.9,1,37,
1786579864,disarmed,32.9,1,37,
1786579865,disarmed,34.6,1,37,
1786579866,disarmed,36.7,1,37,
1786579867,disarmed,38.7,1,37,
1786579869,disarmed,40.4,1,37,
1786579870,disarmed,42.4,1,37,
1786579871,disarmed,44.2,1,37,
1786579872,disarmed,45.7,1,37,
1786579873,disarmed,47.2,1,37,
1786579874,disarmed,49.1,1,37,
1786579875,disarmed,50.5,1,37,
1786579876,disarmed,51.7,1,37,
1786579877,disarmed,53.1,1,37,
1786579878,disarmed,54.4,1,37,2969483
1786579879,disarmed,55.9,1,37,
1786579880,disarmed,57.1,1,37,
1786579881,disarmed,58.2,1,37,
1786579882,disarmed,59.3,1,37,
1786579883,disarmed,60.7,1,37,
1786579884,disarmed,61.7,1,37,
1786579885,disarmed,62.6,1,37,
1786579886,disarmed,63.6,1,37,
1786579887,disarmed,64.6,1,37,
1786579888,disarmed,65.7,1,37,
1786579889,disarmed,66.6,1,37,
1786579890,disarmed,67.4,1,37,
1786579891,disarmed,68.3,1,37,
1786579892,armed,69.0,1,37,
1786579893,armed,70.1,1,37,2972826
1786579894,armed,70.9,1,37,
1786579895,armed,68.7,1,37,
1786579896,armed,64.9,1,37,
1786579897,armed,61.2,1,37,
1786579898,armed,55.9,1,37,
1786579899,armed,52.2,1,37,
1786579900,armed,49.1,1,37,
1786579901,armed,45.8,1,37,
1786579902,armed,42.4,1,37,
1786579903,armed,38.6,1,37,
1786579904,armed,35.6,1,37,
1786579905,armed,33.2,1,37,
1786579906,armed,30.4,1,37,
1786579907,armed,27.9,1,37,
1786579908,armed,28.7,1,37,2976060
1786579909,armed,30.5,1,37,
1786579910,armed,32.4,1,37,
1786579911,armed,34.6,1,37,
1786579912,armed,36.5,1,37,
1786579913,armed,38.9,1,37,
1786579914,armed,40.5,1,37,
1786579915,armed,42.3,1,37,
1786579916,armed,44.0,1,37,
1786579917,armed,45.5,1,37,
1786579918,armed,47.5,1,37,
1786579919,armed,48.9,1,37,
1786579920,armed,50.3,1,37,
1786579922,armed,51.6,1,37,
1786579923,armed,52.9,1,37,
1786579924,armed,54.6,1,37,2979431
1786579925,armed,55.8,1,37,
1786579926,armed,57.0,1,37,
1786579927,armed,58.1,1,37,
1786579928,armed,59.2,1,37,
1786579929,armed,60.6,1,37,
1786579930,armed,61.7,1,37,
1786579931,armed,62.6,1,37,
1786579932,armed,63.6,1,37,
1786579933,armed,64.5,1,37,
1786579934,armed,65.7,1,37,
1786579935,armed,66.6,1,37,
1786579936,armed,67.5,1,37,
1786579937,armed,68.3,1,37,
1786579938,armed,69.1,1,37,
1786579939,armed,70.1,1,37,2982670
1786579940,armed,70.8,1,37,
1786579941,armed,68.9,1,37,
1786579942,armed,65.2,1,37,
1786579943,armed,61.1,1,37,
1786579944,armed,55.7,1,37,
1786579945,armed,52.7,1,37,
1786579946,armed,49.0,1,37,
1786579947,armed,46.1,1,37,
1786579948,armed,41.9,1,37,
1786579949,armed,39.0,1,37,
1786579950,armed,35.9,1,37,
1786579951,armed,33.3,1,37,
1786579952,armed,29.7,1,37,
1786579953,armed,27.4,1,37,
1786579954,armed,28.4,1,37,2986013
1786579955,armed,29.4,1,37,
1786579956,armed,31.9,1,37,
1786579957,armed,34.4,1,37,
1786579958,armed,36.5,1,37,
1786579959,armed,38.4,1,37,
1786579960,armed,39.9,1,37,
1786579961,armed,42.3,1,37,
1786579962,armed,43.7,1,37,
1786579963,armed,45.4,1,37,
1786579964,armed,46.9,1,37,
1786579965,armed,48.4,1,37,
1786579966,armed,50.1,1,37,
1786579967,armed,51.5,1,37,
1786579968,armed,52.9,1,37,
1786579969,armed,54.0,1,37,2989244
1786579970,armed,55.4,1,37,
1786579972,armed,56.9,1,37,
1786579973,armed,58.0,1,37,
1786579974,armed,59.1,1,37,
1786579975,armed,60.1,1,37,
1786579976,armed,61.2,1,37,
1786579977,armed,62.5,1,37,
1786579978,armed,63.5,1,37,
1786579979,armed,64.5,1,37,
1786579980,armed,65.3,1,37,
1786579981,armed,66.2,1,37,
1786579982,armed,67.3,1,37,
1786579983,armed,68.2,1,37,
1786579984,armed,68.9,1,37,
1786579985,armed,69.7,1,37,2992584
1786579986,armed,70.5,1,37,
1786579987,armed,70.8,1,37,
1786579988,armed,65.6,1,37,
1786579989,armed,61.2,1,37,
1786579990,armed,61.3,1,37,
1786579991,armed,53.3,1,37,
1786579992,armed,50.4,1,37,
1786579993,armed,46.9,1,37,
1786579994,armed,43.8,1,37,
1786579995,armed,40.6,1,37,
1786579996,armed,36.7,1,37,
1786579997,armed,34.1,1,37,
1786579998,armed,31.2,1,37,
1786579999,armed,28.6,1,37,
1786580000,armed,26.3,1,37,2995667
1786580001,armed,29.2,1,37,
1786580002,armed,31.4,1,37,
1786580003,armed,33.8,1,37,
1786580004,armed,35.6,1,37,
1786580005,armed,38.0,1,37,
1786580006,armed,39.8,1,37,
1786580007,armed,41.4,1,37,
1786580008,armed,43.1,1,37,
1786580009,armed,44.7,1,37,
1786580010,armed,46.7,1,37,
1786580011,armed,48.1,1,37,
1786580012,armed,49.6,1,37,
1786580013,armed,50.8,1,37,
1786580014,armed,52.7,1,37,
1786580015,armed,54.0,1,37,2999025
1786580016,armed,55.2,1,37,
1786580017,armed,56.3,1,37,
1786580018,armed,57.6,1,37,
1786580019,armed,59.0,1,37,
1786580020,armed,60.1,1,37,
1786580022,armed,61.1,1,37,
1786580023,armed,62.1,1,37,
1786580024,armed,63.0,1,37,
1786580025,armed,64.3,1,37,
1786580026,armed,65.2,1,37,
1786580027,armed,66.1,1,37,
1786580028,armed,67.0,1,37,
1786580029,armed,67.8,1,37,
1786580030,armed,68.9,1,37,
1786580031,armed,69.6,1,37,3002382
1786580032,armed,70.4,1,37,
1786580033,armed,71.1,1,37,
1786580034,armed,66.1,1,37,
1786580035,armed,62.6,1,37,
1786580036,armed,58.6,1,37,
1786580037,armed,55.7,1,37,
1786580038,armed,51.9,1,37,
1786580039,armed,47.2,1,37,
1786580040,armed,44.1,1,37,
1786580041,armed,40.9,1,37,
1786580042,armed,38.1,1,37,
1786580043,armed,35.2,1,37,
1786580044,armed,31.4,1,37,
1786580045,armed,29.0,1,37,
1786580046,armed,26.7,1,37,3005615
1786580047,armed,29.0,1,37,
1786580048,armed,31.2,1,37,
1786580049,armed,33.3,1,37,
1786580050,armed,35.0,1,37,
1786580051,armed,37.0,1,37,
1786580052,armed,39.0,1,37,
1786580053,armed,41.3,1,37,
1786580054,armed,42.8,1,37,
1786580055,armed,44.4,1,37,
1786580056,armed,46.0,1,37,
1786580057,armed,47.5,1,37,
1786580058,armed,49.3,1,37,
1786580059,armed,50.7,1,37,
1786580060,armed,51.9,1,37,
1786580061,armed,53.3,1,37,3008958
1786580062,armed,54.6,1,37,
1786580063,armed,56.1,1,37,
1786580064,armed,57.3,1,37,
1786580065,armed,58.4,1,37,
1786580066,armed,59.5,1,37,
1786580067,armed,60.5,1,37,
1786580068,armed,61.9,1,37,
1786580069,armed,63.0,1,37,
1786580070,armed,63.8,1,37,
1786580071,armed,64.8,1,37,
1786580072,armed,65.6,1,37,
1786580073,armed,66.8,1,37,
1786580075,armed,67.6,1,37,
1786580076,armed,68.4,1,37,
1786580077,armed,69.3,1,37,3012188
1786580078,armed,70.0,1,37,
1786580079,armed,71.0,1,37,
1786580080,armed,65.4,1,37,
1786580081,armed,63.4,1,37,
1786580082,armed,60.0,1,37,
1786580083,armed,55.4,1,37,
1786580084,armed,52.0,1,37,
1786580085,armed,48.4,1,37,
1786580086,armed,45.1,1,37,
1786580087,armed,42.1,1,37,
1786580088,armed,37.9,1,37,
1786580089,armed,35.3,1,37,
1786580090,armed,32.4,1,37,
1786580091,armed,30.0,1,37,
1786580092,armed,26.5,1,37,3015541
1786580093,armed,30.3,1,37,
1786580094,armed,30.6,1,37,
1786580095,armed,32.4,1,37,
1786580096,armed,34.5,1,37,
1786580097,armed,37.0,1,37,
1786580098,armed,38.9,1,37,
1786580099,armed,40.6,1,37,
1786580100,armed,42.2,1,37,
1786580101,armed,43.9,1,37,
1786580102,armed,46.0,1,37,
1786580103,armed,47.4,1,37,
1786580104,armed,48.9,1,37,
1786580105,armed,50.2,1,37,
1786580106,armed,51.6,1,37,
1786580107,armed,53.4,1,37,3018788
1786580108,armed,54.5,1,37,
1786580109,armed,55.8,1,37,
1786580110,armed,56.9,1,37,
1786580111,armed,58.5,1,37,
1786580112,armed,59.6,1,37,
1786580113,armed,60.6,1,37,
1786580114,armed,61.6,1,37,
1786580115,armed,62.5,1,37,
1786580116,armed,63.9,1,37,
1786580117,armed,64.8,1,37,
1786580118,armed,65.7,1,37,
1786580119,armed,66.6,1,37,
1786580120,armed,67.4,1,37,
1786580121,armed,68.2,1,37,
1786580122,armed,69.3,1,37,3022119
1786580123,armed,70.1,1,37,
1786580125,armed,70.7,1,37,
1786580126,armed,67.8,1,37,
1786580127,armed,63.6,1,37,
1786580128,armed,59.8,1,37,
1786580129,armed,56.6,1,37,
1786580130,armed,52.7,1,37,
1786580131,armed,49.5,1,37,
1786580132,armed,46.0,1,37,
1786580133,armed,41.9,1,37,
1786580134,armed,39.0,1,37,
1786580135,armed,36.0,1,37,
1786580136,armed,33.3,1,37,
1786580137,armed,30.5,1,37,
1786580138,armed,27.2,1,37,3025346
1786580139,armed,27.6,1,37,
1786580140,armed,30.1,1,37,
1786580141,armed,32.1,1,37,
1786580142,armed,34.4,1,37,
1786580143,armed,37.1,1,37,
1786580144,armed,38.9,1,37,
1786580145,armed,40.6,1,37,
1786580146,armed,42.2,1,37,
1786580147,armed,44.4,1,37,
1786580148,armed,45.8,1,37,
1786580149,armed,47.3,1,37,
1786580150,armed,48.7,1,37,
1786580151,armed,50.1,1,37,
1786580152,armed,51.9,1,37,
1786580153,armed,53.2,1,37,3028708
1786580154,armed,54.5,1,37,
1786580155,armed,55.6,1,37,
1786580156,armed,56.8,1,37,
1786580157,armed,58.2,1,37,
1786580158,armed,59.4,1,37,
1786580159,armed,60.4,1,37,
1786580160,armed,61.5,1,37,
1786580161,armed,62.5,1,37,
1786580162,armed,63.7,1,37,
1786580163,armed,64.7,1,37,
1786580164,armed,65.5,1,37,
1786580165,armed,66.4,1,37,
1786580166,armed,67.5,1,37,
1786580167,armed,68.4,1,37,
1786580168,armed,69.2,1,37,3031935
1786580169,armed,69.9,1,37,
1786580170,armed,70.7,1,37,
1786580171,armed,67.9,1,37,
1786580172,armed,63.9,1,37,
1786580173,armed,60.6,1,37,
1786580174,armed,56.6,1,37,
1786580175,armed,53.1,1,37,
1786580177,armed,48.5,1,37,
1786580178,armed,45.2,1,37,
1786580179,armed,42.3,1,37,
1786580180,armed,39.2,1,37,
1786580181,armed,35.5,1,37,
1786580182,armed,32.7,1,37,
1786580183,armed,30.1,1,37,
1786580184,armed,27.4,1,37,3035289
1786580185,armed,27.8,1,37,
1786580186,armed,30.3,1,37,
1786580187,armed,32.8,1,37,
1786580188,armed,34.5,1,37,
1786580189,armed,36.6,1,37,
1786580190,armed,38.2,1,37,
1786580191,armed,40.6,1,37,
1786580192,disarmed,42.3,1,37,
1786580193,disarmed,43.8,1,37,
1786580194,disarmed,45.5,1,37,
1786580195,disarmed,46.9,1,37,
1786580196,disarmed,48.9,1,37,
1786580197,disarmed,50.2,1,37,
1786580198,disarmed,51.6,1,37,
1786580199,disarmed,52.8,1,37,3038638
1786580200,disarmed,54.5,1,37,
1786580201,disarmed,55.7,1,37,
1786580202,disarmed,56.8,1,37,
1786580203,disarmed,57.9,1,37,
1786580204,disarmed,59.4,1,37,
1786580205,disarmed,60.4,1,37,
1786580206,disarmed,61.5,1,37,
1786580207,disarmed,62.4,1,37,
1786580208,disarmed,63.4,1,37,
1786580209,disarmed,64.7,1,37,
1786580210,disarmed,65.5,1,37,
1786580211,disarmed,66.5,1,37,
1786580212,disarmed,67.3,1,37,
1786580213,disarmed,68.4,1,37,
1786580214,disarmed,69.1,1,37,3041885
1786580215,disarmed,69.9,1,37,
1786580216,disarmed,70.6,1,37,
1786580217,disarmed,70.1,1,37,
1786580218,disarmed,64.6,1,37,
1786580219,disarmed,60.6,1,37,
1786580220,disarmed,56.9,1,37,
1786580221,disarmed,53.2,1,37,
1786580222,disarmed,49.9,1,37,
1786580223,disarmed,45.6,1,37,
1786580224,disarmed,42.4,1,37,
1786580225,disarmed,39.5,1,37,
1786580226,disarmed,36.4,1,37,
1786580228,disarmed,32.8,1,37,
1786580229,disarmed,30.2,1,37,
1786580230,disarmed,27.9,1,37,3045225
1786580231,disarmed,28.6,1,37,
1786580232,disarmed,30.6,1,37,
1786580233,disarmed,32.3,1,37,
1786580234,disarmed,34.6,1,37,
1786580235,disarmed,36.5,1,37,
1786580236,disarmed,38.3,1,37,
1786580237,disarmed,40.1,1,37,
1786580238,disarmed,42.2,1,37,
1786580239,disarmed,43.9,1,37,
1786580240,disarmed,45.4,1,37,
1786580241,disarmed,47.0,1,37,
1786580242,disarmed,48.4,1,37,
1786580243,disarmed,50.2,1,37,
1786580244,disarmed,51.7,1,37,
1786580245,disarmed,52.9,1,37,3048490
1786580246,disarmed,54.2,1,37,
1786580247,disarmed,55.7,1,37,
1786580248,disarmed,56.9,1,37,
1786580249,disarmed,58.1,1,37,
1786580250,disarmed,59.2,1,37,
1786580251,disarmed,60.3,1,37,
1786580252,disarmed,61.2,1,37,
1786580253,disarmed,62.6,1,37,
1786580254,disarmed,63.6,1,37,
1786580255,disarmed,64.4,1,37,
1786580256,disarmed,65.3,1,37,
1786580257,disarmed,66.5,1,37,
1786580258,disarmed,67.3,1,37,
1786580259,disarmed,68.2,1,37,
1786580260,disarmed,69.0,1,37,3051835
1786580261,disarmed,69.7,1,37,
1786580262,disarmed,70.8,1,37,
1786580263,disarmed,67.6,1,37,
1786580264,disarmed,65.5,1,37,
1786580265,disarmed,60.7,1,37,
1786580266,disarmed,56.6,1,37,
1786580267,disarmed,52.9,1,37,
1786580268,disarmed,49.8,1,37,
1786580269,disarmed,46.3,1,37,
1786580270,disarmed,43.0,1,37,
1786580271,disarmed,40.3,1,37,
1786580272,disarmed,36.2,1,37,
1786580273,disarmed,33.3,1,37,
1786580274,disarmed,30.9,1,37,
1786580275,disarmed,28.1,1,37,3055073
1786580276,disarmed,28.9,1,37,
1786580277,disarmed,29.6,1,37,
1786580279,disarmed,32.0,1,37,
1786580280,disarmed,34.4,1,37,
1786580281,disarmed,36.0,1,37,
1786580282,disarmed,38.5,1,37,
1786580283,disarmed,40.1,1,37,
1786580284,disarmed,41.9,1,37,
1786580285,disarmed,43.6,1,37,
1786580286,disarmed,45.0,1,37,
1786580287,disarmed,47.1,1,37,
1786580288,disarmed,48.4,1,37,
1786580289,disarmed,50.0,1,37,
1786580290,disarmed,51.3,1,37,
1786580291,disarmed,52.5,1,37,3058408
1786580292,disarmed,54.3,1,37,
1786580293,disarmed,55.5,1,37,
1786580294,disarmed,56.7,1,37,
1786580295,disarmed,57.7,1,37,
1786580296,disarmed,58.9,1,37,
1786580297,disarmed,60.3,1,37,
1786580298,disarmed,61.3,1,37,
1786580299,disarmed,62.4,1,37,
1786580300,disarmed,63.3,1,37,
1786580301,disarmed,64.5,1,37,
1786580302,disarmed,65.5,1,37,
1786580303,disarmed,66.3,1,37,
1786580304,disarmed,67.2,1,37,
1786580305,disarmed,68.0,1,37,
1786580306,disarmed,69.0,1,37,3061677
1786580307,disarmed,69.8,1,37,
1786580308,disarmed,70.6,1,37,
1786580309,disarmed,71.2,1,37,
1786580310,disarmed,66.0,1,37,
1786580311,disarmed,61.1,1,37,
1786580312,disarmed,57.5,1,37,
1786580313,disarmed,53.9,1,37,
1786580314,disarmed,50.6,1,37,
1786580315,disarmed,47.1,1,37,
1786580316,disarmed,42.8,1,37,
1786580317,disarmed,39.9,1,37,
1786580318,disarmed,36.9,1,37,
1786580319,disarmed,34.4,1,37,
1786580320,disarmed,30.6,1,37,
1786580321,disarmed,28.2,1,37,3065014
1786580322,disarmed,25.6,1,37,
1786580323,disarmed,29.1,1,37,
1786580324,disarmed,31.0,1,37,
1786580325,disarmed,33.9,1,37,
1786580326,disarmed,35.6,1,37,
1786580327,disarmed,37.5,1,37,
1786580328,disarmed,39.2,1,37,
1786580329,disarmed,41.1,1,37,
1786580331,disarmed,43.2,1,37,
1786580332,disarmed,44.8,1,37,
1786580333,disarmed,46.4,1,37,
1786580334,disarmed,47.8,1,37,
1786580335,disarmed,49.2,1,37,
1786580336,disarmed,51.0,1,37,
1786580337,disarmed,52.3,1,37,3068246
1786580338,disarmed,53.6,1,37,
1786580339,disarmed,54.9,1,37,
1786580340,disarmed,56.0,1,37,
1786580341,disarmed,57.6,1,37,
1786580342,disarmed,58.6,1,37,
1786580343,disarmed,59.8,1,37,
1786580344,disarmed,60.8,1,37,
1786580345,disarmed,62.1,1,37,
1786580346,disarmed,63.1,1,37,
1786580347,disarmed,64.0,1,37,
1786580348,disarmed,65.0,1,37,
1786580349,disarmed,65.8,1,37,
1786580350,disarmed,66.7,1,37,
1786580351,disarmed,67.9,1,37,
1786580352,disarmed,68.6,1,37,3071596
1786580353,disarmed,69.4,1,37,
1786580354,disarmed,70.2,1,37,
1786580355,disarmed,71.2,1,37,
1786580356,disarmed,66.7,1,37,
1786580357,disarmed,62.4,1,37,
1786580358,disarmed,59.2,1,37,
1786580359,disarmed,55.8,1,37,
1786580360,disarmed,51.2,1,37,
1786580361,disarmed,48.1,1,37,
1786580362,disarmed,44.8,1,37,
1786580363,disarmed,41.8,1,37,
1786580364,disarmed,37.8,1,37,
1786580365,disarmed,35.1,1,37,
1786580366,disarmed,32.3,1,37,
1786580367,disarmed,29.8,1,37,3074856
1786580368,disarmed,27.1,1,37,
1786580369,disarmed,29.9,1,37,
1786580370,disarmed,30.5,1,37,
1786580371,disarmed,32.4,1,37,
1786580372,disarmed,34.9,1,37,
1786580373,disarmed,36.5,1,37,
1786580374,disarmed,38.5,1,37,
1786580375,disarmed,40.8,1,37,
1786580376,disarmed,42.3,1,37,
1786580377,disarmed,44.0,1,37,
1786580378,disarmed,45.5,1,37,
1786580379,disarmed,47.1,1,37,
1786580380,disarmed,48.9,1,37,
1786580381,disarmed,50.3,1,37,
1786580383,disarmed,51.5,1,37,3078201
1786580384,disarmed,53.0,1,37,
1786580385,disarmed,54.6,1,37,
1786580386,disarmed,55.8,1,37,
1786580387,disarmed,57.0,1,37,
1786580388,disarmed,58.1,1,37,
1786580389,disarmed,59.2,1,37,
1786580390,disarmed,60.5,1,37,
1786580391,disarmed,61.6,1,37,
1786580392,disarmed,62.6,1,37,
1786580393,disarmed,63.6,1,37,
1786580394,disarmed,64.8,1,37,
1786580395,disarmed,65.7,1,37,
1786580396,disarmed,66.6,1,37,
1786580397,disarmed,67.4,1,37,
1786580398,disarmed,68.2,1,37,3081557
1786580399,disarmed,69.1,1,37,
1786580400,disarmed,70.0,1,37,
1786580401,disarmed,70.8,1,37,
1786580402,disarmed,68.7,1,37,
1786580403,disarmed,65.1,1,37,
1786580404,disarmed,61.1,1,37,
1786580405,disarmed,55.7,1,37,
1786580406,disarmed,52.7,1,37,
1786580407,disarmed,49.0,1,37,
1786580408,disarmed,46.1,1,37,
1786580409,disarmed,42.8,1,37,
1786580410,disarmed,38.7,1,37,
1786580411,disarmed,35.8,1,37,
1786580412,disarmed,32.9,1,37,
1786580413,disarmed,30.2,1,37,3084780
1786580414,disarmed,27.9,1,37,
1786580415,disarmed,25.7,1,37,
1786580416,disarmed,29.3,1,37,
1786580417,disarmed,31.7,1,37,
1786580418,disarmed,34.0,1,37,
1786580419,disarmed,36.0,1,37,
1786580420,disarmed,38.4,1,37,
1786580421,disarmed,40.0,1,37,
1786580422,disarmed,41.8,1,37,
1786580423,disarmed,43.3,1,37,
1786580424,disarmed,44.9,1,37,
1786580425,disarmed,46.9,1,37,
1786580426,disarmed,48.4,1,37,
1786580427,disarmed,49.7,1,37,
1786580428,disarmed,51.2,1,37,3088136
1786580429,disarmed,52.3,1,37,
1786580430,disarmed,54.1,1,37,
1786580431,disarmed,55.3,1,37,
1786580432,disarmed,56.5,1,37,
1786580433,disarmed,57.7,1,37,
1786580434,disarmed,58.8,1,37,
1786580436,disarmed,60.2,1,37,
1786580437,disarmed,61.3,1,37,
1786580438,disarmed,62.2,1,37,
1786580439,disarmed,63.2,1,37,
1786580440,disarmed,64.1,1,37,
1786580441,disarmed,65.4,1,37,
1786580442,disarmed,66.3,1,37,
1786580443,disarmed,67.0,1,37,
1786580444,disarmed,67.9,1,37,3091368
1786580445,disarmed,68.7,1,37,
1786580446,disarmed,69.7,1,37,
1786580447,disarmed,70.5,1,37,
1786580448,disarmed,71.2,1,37,
1786580449,disarmed,66.0,1,37,
1786580450,disarmed,62.5,1,37,
1786580451,disarmed,57.6,1,37,
1786580452,disarmed,54.1,1,37,
1786580453,disarmed,50.4,1,37,
1786580454,disarmed,47.4,1,37,
1786580455,disarmed,44.3,1,37,
1786580456,disarmed,40.1,1,37,
1786580457,disarmed,37.1,1,37,
1786580458,disarmed,34.5,1,37,
1786580459,disarmed,31.6,1,37,3094737
1786580460,disarmed,28.4,1,37,
1786580461,disarmed,25.8,1,37,
1786580462,disarmed,28.8,1,37,
1786580463,disarmed,31.2,1,37,
1786580464,disarmed,33.2,1,37,
1786580465,disarmed,35.7,1,37,
1786580466,disarmed,37.7,1,37,
1786580467,disarmed,39.4,1,37,
1786580468,disarmed,41.2,1,37,
1786580469,disarmed,42.7,1,37,
1786580470,disarmed,44.9,1,37,
1786580471,disarmed,46.3,1,37,
1786580472,disarmed,47.8,1,37,
1786580473,disarmed,49.2,1,37,
1786580474,disarmed,50.6,1,37,3097971
1786580475,disarmed,52.5,1,37,
1786580476,disarmed,53.7,1,37,
1786580477,disarmed,55.0,1,37,
1786580478,disarmed,56.0,1,37,
1786580479,disarmed,57.6,1,37,
1786580480,disarmed,58.8,1,37,
1786580481,disarmed,59.8,1,37,
1786580482,disarmed,60.7,1,37,
1786580483,disarmed,61.8,1,37,
1786580484,disarmed,63.1,1,37,
1786580485,disarmed,64.0,1,37,
1786580486,disarmed,64.9,1,37,
1786580488,disarmed,65.9,1,37,
1786580489,disarmed,67.0,1,37,
1786580490,disarmed,67.8,1,37,3101359
1786580491,disarmed,68.7,1,37,
1786580492,armed,69.4,1,37,
1786580493,armed,70.4,1,37,
1786580494,armed,71.2,1,37,
1786580495,armed,66.6,1,37,
1786580496,armed,62.5,1,37,
1786580497,armed,59.0,1,37,
1786580498,armed,54.3,1,37,
1786580499,armed,51.1,1,37,
1786580500,armed,47.6,1,37,
1786580501,armed,44.5,1,37,
1786580502,armed,41.3,1,37,
1786580503,armed,37.3,1,37,
1786580504,armed,34.7,1,37,
1786580505,armed,32.1,1,37,3104610
1786580506,armed,29.3,1,37,
1786580507,armed,26.0,1,37,
1786580508,armed,29.6,1,37,
1786580509,armed,31.5,1,37,
1786580510,armed,32.7,1,37,
1786580511,armed,34.8,1,37,
1786580512,armed,37.2,1,37,
1786580513,armed,39.1,1,37,
1786580514,armed,40.8,1,37,
1786580515,armed,42.5,1,37,
1786580516,armed,44.6,1,37,
1786580517,armed,46.0,1,37,
1786580518,armed,47.7,1,37,
1786580519,armed,49.0,1,37,
1786580520,armed,50.4,1,37,3107957
1786580521,armed,52.3,1,37,
1786580522,armed,53.4,1,37,
1786580523,armed,54.6,1,37,
1786580524,armed,55.9,1,37,
1786580525,armed,57.3,1,37,
1786580526,armed,58.5,1,37,
1786580527,armed,59.6,1,37,
1786580528,armed,60.6,1,37,
1786580529,armed,61.7,1,37,
1786580530,armed,62.7,1,37,
1786580531,armed,63.9,1,37,
1786580532,armed,64.9,1,37,
1786580533,armed,65.7,1,37,
1786580535,armed,66.6,1,37,
1786580536,armed,67.7,1,37,3111313
1786580537,armed,68.6,1,37,
1786580538,armed,69.3,1,37,
1786580539,armed,70.1,1,37,
1786580540,armed,70.8,1,37,
1786580541,armed,65.4,1,37,
1786580542,armed,62.4,1,37,
1786580543,armed,60.0,1,37,
1786580544,armed,55.7,1,37,
1786580545,armed,51.6,1,37,
1786580546,armed,48.0,1,37,
1786580547,armed,45.0,1,37,
1786580548,armed,41.9,1,37,
1786580549,armed,38.7,1,37,
1786580550,armed,35.0,1,37,
1786580551,armed,32.2,1,37,3114539
1786580552,armed,29.7,1,37,
1786580553,armed,27.1,1,37,
1786580554,armed,28.8,1,37,
1786580555,armed,30.4,1,37,
1786580556,armed,32.2,1,37,
1786580557,armed,34.4,1,37,
1786580558,armed,36.4,1,37,
1786580559,armed,38.3,1,37,
1786580560,armed,40.6,1,37,
1786580561,armed,42.1,1,37,
1786580562,armed,43.8,1,37,
1786580563,armed,45.4,1,37,
1786580564,armed,47.3,1,37,
1786580565,armed,48.7,1,37,
1786580566,armed,50.1,1,37,3117880
1786580567,armed,51.4,1,37,
1786580568,armed,52.8,1,37,
1786580569,armed,54.5,1,37,
1786580570,armed,55.6,1,37,
1786580571,armed,56.8,1,37,
1786580572,armed,57.9,1,37,
1786580573,armed,59.4,1,37,
1786580574,armed,60.4,1,37,
1786580575,armed,61.5,1,37,
1786580576,armed,62.4,1,37,
1786580577,armed,63.4,1,37,
1786580578,armed,64.6,1,37,
1786580579,armed,65.6,1,37,
1786580580,armed,66.4,1,37,
1786580581,armed,67.3,1,37,3121126
1786580582,armed,68.1,1,37,
1786580583,armed,69.1,1,37,
1786580584,armed,69.9,1,37,
1786580585,armed,70.6,1,37,
1786580587,armed,70.8,1,37,
1786580588,armed,64.7,1,37,
1786580589,armed,61.2,1,37,
1786580590,armed,57.1,1,37,
1786580591,armed,53.6,1,37,
1786580592,armed,50.2,1,37,
1786580593,armed,46.0,1,37,
1786580594,armed,42.7,1,37,
1786580595,armed,39.6,1,37,
1786580596,armed,36.9,1,37,
1786580597,armed,33.9,1,37,3124480
1786580598,armed,30.3,1,37,
1786580599,armed,28.0,1,37,
1786580600,armed,26.3,1,37,
1786580601,armed,29.2,1,37,
1786580602,armed,32.5,1,37,
1786580603,armed,34.1,1,37,
1786580604,armed,36.4,1,37,
1786580605,armed,38.1,1,37,
1786580606,armed,39.9,1,37,
1786580607,armed,41.6,1,37,
1786580608,armed,43.3,1,37,
1786580609,armed,45.3,1,37,
1786580610,armed,46.9,1,37,
1786580611,armed,48.3,1,37,
1786580612,armed,49.7,1,37,3127707
1786580613,armed,51.6,1,37,
1786580614,armed,52.8,1,37,
1786580615,armed,54.0,1,37,
1786580616,armed,55.2,1,37,
1786580617,armed,56.5,1,37,
1786580618,armed,58.0,1,37,
1786580619,armed,59.1,1,37,
1786580620,armed,60.2,1,37,
1786580621,armed,61.1,1,37,
1786580622,armed,62.2,1,37,
1786580623,armed,63.4,1,37,
1786580624,armed,64.4,1,37,
1786580625,armed,65.3,1,37,
1786580626,armed,66.1,1,37,
1786580627,armed,67.0,1,37,3131053
1786580628,armed,68.1,1,37,
1786580629,armed,69.0,1,37,
1786580630,armed,69.7,1,37,
1786580631,armed,70.5,1,37,
1786580632,armed,70.9,1,37,
1786580633,armed,65.8,1,37,
1786580634,armed,61.9,1,37,
1786580635,armed,57.9,1,37,
1786580636,armed,54.6,1,37,
1786580638,armed,50.2,1,37,
1786580639,armed,46.7,1,37,
1786580640,armed,43.6,1,37,
1786580641,armed,40.5,1,37,
1786580642,armed,37.7,1,37,
1786580643,armed,33.8,1,37,3134285
1786580644,armed,31.3,1,37,
1786580645,armed,28.5,1,37,
1786580646,armed,26.2,1,37,
1786580647,armed,29.2,1,37,
1786580648,armed,32.6,1,37,
1786580649,armed,33.7,1,37,
1786580650,armed,35.7,1,37,
1786580651,armed,37.2,1,37,
1786580652,armed,39.8,1,37,
1786580653,armed,41.6,1,37,
1786580654,armed,43.1,1,37,
1786580655,armed,44.8,1,37,
1786580656,armed,46.2,1,37,
1786580657,armed,48.2,1,37,
1786580658,armed,49.5,1,37,3137658
1786580659,armed,51.0,1,37,
1786580660,armed,52.3,1,37,
1786580661,armed,53.6,1,37,
1786580662,armed,55.2,1,37,
1786580663,armed,56.3,1,37,
1786580664,armed,57.5,1,37,
1786580665,armed,58.7,1,37,
1786580666,armed,59.7,1,37,
1786580667,armed,61.1,1,37,
1786580668,armed,62.1,1,37,
1786580669,armed,63.1,1,37,
1786580670,armed,64.0,1,37,
1786580671,armed,64.9,1,37,
1786580672,armed,66.2,1,37,
1786580673,armed,67.0,1,37,3140906
1786580674,armed,67.8,1,37,
1786580675,armed,68.6,1,37,
1786580676,armed,69.4,1,37,
1786580677,armed,70.4,1,37,
1786580678,armed,71.1,1,37,
1786580679,armed,65.5,1,37,
1786580680,armed,62.4,1,37,
1786580681,armed,59.6,1,37,
1786580682,armed,54.7,1,37,
1786580683,armed,51.2,1,37,
1786580684,armed,47.7,1,37,
1786580685,armed,44.7,1,37,
1786580686,armed,41.5,1,37,
1786580687,armed,37.8,1,37,
1786580688,armed,34.9,1,37,3144256
1786580690,armed,32.2,1,37,
1786580691,armed,29.5,1,37,
1786580692,armed,26.4,1,37,
1786580693,armed,30.0,1,37,
1786580694,armed,30.7,1,37,
1786580695,armed,32.4,1,37,
1786580696,armed,35.3,1,37,
1786580697,armed,37.2,1,37,
1786580698,armed,39.1,1,37,
1786580699,armed,40.8,1,37,
1786580700,armed,42.5,1,37,
1786580701,armed,44.5,1,37,
1786580702,armed,46.1,1,37,
1786580703,armed,47.5,1,37,
1786580704,armed,49.0,1,37,3147507
1786580705,armed,50.4,1,37,
1786580706,armed,52.1,1,37,
1786580707,armed,53.5,1,37,
1786580708,armed,54.6,1,37,
1786580709,armed,55.9,1,37,
1786580710,armed,57.0,1,37,
1786580711,armed,58.5,1,37,
1786580712,armed,59.5,1,37,
1786580713,armed,60.6,1,37,
1786580714,armed,61.6,1,37,
1786580715,armed,62.9,1,37,
1786580716,armed,63.9,1,37,
1786580717,armed,64.8,1,37,
1786580718,armed,65.7,1,37,
1786580719,armed,66.5,1,37,3150860
1786580720,armed,67.7,1,37,
1786580721,armed,68.4,1,37,
1786580722,armed,69.3,1,37,
1786580723,armed,70.1,1,37,
1786580724,armed,70.8,1,37,
1786580725,armed,65.9,1,37,
1786580726,armed,63.6,1,37,
1786580727,armed,59.8,1,37,
1786580728,armed,56.1,1,37,
1786580729,armed,52.4,1,37,
1786580730,armed,48.0,1,37,
1786580731,armed,44.6,1,37,
1786580732,armed,41.6,1,37,
1786580733,armed,38.6,1,37,
1786580734,armed,36.0,1,37,3154084
1786580735,armed,32.1,1,37,
1786580736,armed,29.6,1,37,
1786580737,armed,27.0,1,37,
1786580738,armed,28.2,1,37,
1786580739,armed,29.8,1,37,
1786580740,armed,33.0,1,37,
1786580741,armed,35.1,1,37,
1786580743,armed,36.9,1,37,
1786580744,armed,38.6,1,37,
1786580745,armed,40.4,1,37,
1786580746,armed,42.5,1,37,
1786580747,armed,44.2,1,37,
1786580748,armed,45.6,1,37,
1786580749,armed,47.2,1,37,
1786580750,armed,49.2,1,37,3157459
1786580751,armed,50.5,1,37,
1786580752,armed,51.8,1,37,
1786580753,armed,53.0,1,37,
1786580754,armed,54.4,1,37,
1786580755,armed,56.0,1,37,
1786580756,armed,57.1,1,37,
1786580757,armed,58.2,1,37,
1786580758,armed,59.3,1,37,
1786580759,armed,60.7,1,37,
1786580760,armed,61.7,1,37,
1786580761,armed,62.7,1,37,
1786580762,armed,63.6,1,37,
1786580763,armed,64.5,1,37,
1786580764,armed,65.7,1,37,
1786580765,armed,66.7,1,37,3160808
1786580766,armed,67.4,1,37,
1786580767,armed,68.2,1,37,
1786580768,armed,69.3,1,37,
1786580769,armed,70.1,1,37,
1786580770,armed,70.8,1,37,
1786580771,armed,68.9,1,37,
1786580772,armed,65.0,1,37,
1786580773,armed,59.7,1,37,
1786580774,armed,55.7,1,37,
1786580775,armed,52.5,1,37,
1786580776,armed,49.0,1,37,
1786580777,armed,45.9,1,37,
1786580778,armed,41.7,1,37,
1786580779,armed,38.6,1,37,
1786580780,armed,35.9,1,37,3164035
1786580781,armed,33.1,1,37,
1786580782,armed,29.5,1,37,
1786580783,armed,26.9,1,37,
1786580784,armed,27.9,1,37,
1786580785,armed,29.6,1,37,
1786580786,armed,32.0,1,37,
1786580787,armed,34.1,1,37,
1786580788,armed,36.8,1,37,
1786580789,armed,38.5,1,37,
1786580790,armed,40.3,1,37,
1786580791,armed,42.0,1,37,
1786580792,disarmed,44.0,1,37,
1786580794,disarmed,45.7,1,37,
1786580795,disarmed,47.1,1,37,
1786580796,disarmed,48.5,1,37,3167376
1786580797,disarmed,49.9,1,37,
1786580798,disarmed,51.8,1,37,
1786580799,disarmed,53.1,1,37,
1786580800,disarmed,54.3,1,37,
1786580801,disarmed,55.5,1,37,
1786580802,disarmed,56.7,1,37,
1786580803,disarmed,58.2,1,37,
1786580804,disarmed,59.2,1,37,
1786580805,disarmed,60.4,1,37,
1786580806,disarmed,61.4,1,37,
1786580807,disarmed,62.3,1,37,
1786580808,disarmed,63.6,1,37,
1786580809,disarmed,64.5,1,37,
1786580810,disarmed,65.4,1,37,
1786580811,disarmed,66.3,1,37,3170613
1786580812,disarmed,67.2,1,37,
1786580813,disarmed,68.3,1,37,
1786580814,disarmed,69.1,1,37,
1786580815,disarmed,69.8,1,37,
1786580816,disarmed,70.6,1,37,
1786580817,disarmed,68.1,1,37,
1786580818,disarmed,64.9,1,37,
1786580819,disarmed,61.2,1,37,
1786580820,disarmed,57.0,1,37,
1786580821,disarmed,53.8,1,37,
1786580822,disarmed,50.3,1,37,
1786580823,disarmed,45.7,1,37,
1786580824,disarmed,42.9,1,37,
1786580825,disarmed,39.7,1,37,
1786580826,disarmed,36.6,1,37,3173946
1786580827,disarmed,34.0,1,37,
1786580828,disarmed,30.4,1,37,
1786580829,disarmed,27.9,1,37,
1786580830,disarmed,26.1,1,37,
1786580831,disarmed,29.2,1,37,
1786580832,disarmed,32.0,1,37,
1786580833,disarmed,34.3,1,37,
1786580834,disarmed,36.3,1,37,
1786580835,disarmed,38.0,1,37,
1786580836,disarmed,39.8,1,37,
1786580837,disarmed,41.6,1,37,
1786580838,disarmed,43.7,1,37,
1786580839,disarmed,45.2,1,37,
1786580840,disarmed,46.6,1,37,
1786580841,disarmed,48.1,1,37,3177187
1786580842,disarmed,50.0,1,37,
1786580843,disarmed,51.4,1,37,
1786580844,disarmed,52.7,1,37,
1786580846,disarmed,53.9,1,37,
1786580847,disarmed,55.2,1,37,
1786580848,disarmed,56.8,1,37,
1786580849,disarmed,57.8,1,37,
1786580850,disarmed,58.9,1,37,
1786580851,disarmed,60.0,1,37,
1786580852,disarmed,61.3,1,37,
1786580853,disarmed,62.4,1,37,
1786580854,disarmed,63.4,1,37,
1786580855,disarmed,64.2,1,37,
1786580856,disarmed,65.2,1,37,
1786580857,disarmed,66.3,1,37,3180534
1786580858,disarmed,67.2,1,37,
1786580859,disarmed,68.1,1,37,
1786580860,disarmed,68.8,1,37,
1786580861,disarmed,69.7,1,37,
1786580862,disarmed,70.6,1,37,
1786580863,disarmed,70.9,1,37,
1786580864,disarmed,65.8,1,37,
1786580865,disarmed,62.2,1,37,
1786580866,disarmed,58.4,1,37,
1786580867,disarmed,53.6,1,37,
1786580868,disarmed,50.2,1,37,
1786580869,disarmed,47.1,1,37,
1786580870,disarmed,43.8,1,37,
1786580871,disarmed,40.8,1,37,
1786580872,disarmed,36.8,1,37,3183782
1786580873,disarmed,33.9,1,37,
1786580874,disarmed,31.3,1,37,
1786580875,disarmed,28.6,1,37,
1786580876,disarmed,26.1,1,37,
1786580877,disarmed,29.4,1,37,
1786580878,disarmed,32.5,1,37,
1786580879,disarmed,34.0,1,37,
1786580880,disarmed,35.8,1,37,
1786580881,disarmed,37.6,1,37,
1786580882,disarmed,39.9,1,37,
1786580883,disarmed,41.6,1,37,
1786580884,disarmed,43.3,1,37,
1786580885,disarmed,44.8,1,37,
1786580886,disarmed,46.3,1,37,
1786580887,disarmed,48.4,1,37,3187135
1786580888,disarmed,49.7,1,37,
1786580889,disarmed,51.1,1,37,
1786580890,disarmed,52.3,1,37,
1786580891,disarmed,54.0,1,37,
1786580892,disarmed,55.2,1,37,
1786580893,disarmed,56.5,1,37,
1786580894,disarmed,57.5,1,37,
1786580895,disarmed,58.7,1,37,
1786580896,disarmed,60.2,1,37,
1786580897,disarmed,61.1,1,37,
1786580899,disarmed,62.2,1,37,
1786580900,disarmed,63.1,1,37,
1786580901,disarmed,64.1,1,37,
1786580902,disarmed,65.3,1,37,
1786580903,disarmed,66.1,1,37,3190372
1786580904,disarmed,66.9,1,37,
1786580905,disarmed,67.8,1,37,
1786580906,disarmed,68.9,1,37,
1786580907,disarmed,69.7,1,37,
1786580908,disarmed,70.5,1,37,
1786580909,disarmed,71.2,1,37,
1786580910,disarmed,66.7,1,37,
1786580911,disarmed,60.7,1,37,
1786580912,disarmed,57.9,1,37,
1786580913,disarmed,54.4,1,37,
1786580914,disarmed,51.2,1,37,
1786580915,disarmed,47.7,1,37,
1786580916,disarmed,43.6,1,37,
1786580917,disarmed,40.5,1,37,
1786580918,disarmed,37.6,1,37,3193727
1786580919,disarmed,34.8,1,37,
1786580920,disarmed,32.1,1,37,
1786580921,disarmed,28.6,1,37,
1786580922,disarmed,26.2,1,37,
1786580923,disarmed,29.1,1,37,
1786580924,disarmed,31.6,1,37,
1786580925,disarmed,33.5,1,37,
1786580926,disarmed,35.7,1,37,
1786580927,disarmed,37.4,1,37,
1786580928,disarmed,39.3,1,37,
1786580929,disarmed,41.0,1,37,
1786580930,disarmed,43.1,1,37,
1786580931,disarmed,44.7,1,37,
1786580932,disarmed,46.2,1,37,
1786580933,disarmed,47.7,1,37,3196982
1786580934,disarmed,49.5,1,37,
1786580935,disarmed,51.0,1,37,
1786580936,disarmed,52.2,1,37,
1786580937,disarmed,53.5,1,37,
1786580938,disarmed,54.7,1,37,
1786580939,disarmed,55.9,1,37,
1786580940,disarmed,57.6,1,37,
1786580941,disarmed,58.7,1,37,
1786580942,disarmed,59.7,1,37,
1786580943,disarmed,60.7,1,37,
1786580944,disarmed,62.1,1,37,
1786580945,disarmed,63.0,1,37,
1786580946,disarmed,64.0,1,37,
1786580947,disarmed,65.0,1,37,
1786580948,disarmed,66.1,1,37,3200359
1786580950,disarmed,67.0,1,37,
1786580951,disarmed,67.8,1,37,
1786580952,disarmed,68.6,1,37,
1786580953,disarmed,69.4,1,37,
1786580954,disarmed,70.4,1,37,
1786580955,disarmed,71.1,1,37,
1786580956,disarmed,65.7,1,37,
1786580957,disarmed,63.4,1,37,
1786580958,disarmed,59.9,1,37,
1786580959,disarmed,55.3,1,37,
1786580960,disarmed,51.5,1,37,
1786580961,disarmed,48.3,1,37,
1786580962,disarmed,44.9,1,37,
1786580963,disarmed,42.1,1,37,
1786580964,disarmed,38.1,1,37,3203704
1786580965,disarmed,35.0,1,37,
1786580966,disarmed,32.5,1,37,
1786580967,disarmed,29.6,1,37,
1786580968,disarmed,26.5,1,37,
1786580969,disarmed,30.4,1,37,
1786580970,disarmed,30.7,1,37,
1786580971,disarmed,32.6,1,37,
1786580972,disarmed,34.8,1,37,
1786580973,disarmed,37.2,1,37,
1786580974,disarmed,39.2,1,37,
1786580975,disarmed,40.7,1,37,
1786580976,disarmed,42.5,1,37,
1786580977,disarmed,44.5,1,37,
1786580978,disarmed,46.1,1,37,
1786580979,disarmed,47.6,1,37,3206951
1786580980,disarmed,49.1,1,37,
1786580981,disarmed,50.5,1,37,
1786580982,disarmed,51.7,1,37,
1786580983,disarmed,53.5,1,37,
1786580984,disarmed,54.7,1,37,
1786580985,disarmed,55.9,1,37,
1786580986,disarmed,57.1,1,37,
1786580987,disarmed,58.2,1,37,
1786580988,disarmed,59.7,1,37,
1786580989,disarmed,60.8,1,37,
1786580990,disarmed,61.7,1,37,
1786580991,disarmed,62.7,1,37,
1786580992,disarmed,63.9,1,37,
1786580993,disarmed,64.9,1,37,
1786580994,disarmed,65.7,1,37,3210301
1786580995,disarmed,66.6,1,37,
1786580996,disarmed,67.5,1,37,
1786580997,disarmed,68.6,1,37,
1786580998,disarmed,69.4,1,37,
1786580999,disarmed,70.2,1,37,
1786581000,disarmed,70.9,1,37,
1786581002,disarmed,68.1,1,37,
1786581003,disarmed,62.6,1,37,
1786581004,disarmed,59.3,1,37,
1786581005,disarmed,55.7,1,37,
1786581006,disarmed,52.3,1,37,
1786581007,disarmed,48.8,1,37,
1786581008,disarmed,44.7,1,37,
1786581009,disarmed,41.4,1,37,
1786581010,disarmed,38.7,1,37,3213564
1786581011,disarmed,35.8,1,37,
1786581012,disarmed,32.8,1,37,
1786581013,disarmed,29.5,1,37,
1786581014,disarmed,26.9,1,37,
1786581015,disarmed,28.5,1,37,
1786581016,disarmed,30.4,1,37,
1786581017,disarmed,32.5,1,37,
1786581018,disarmed,35.0,1,37,
1786581019,disarmed,37.1,1,37,
1786581020,disarmed,38.9,1,37,
1786581021,disarmed,40.6,1,37,
1786581022,disarmed,42.3,1,37,
1786581023,disarmed,44.3,1,37,
1786581024,disarmed,45.9,1,37,
1786581025,disarmed,47.4,1,37,3216897
1786581026,disarmed,48.8,1,37,
1786581027,disarmed,50.1,1,37,
1786581028,disarmed,52.0,1,37,
1786581029,disarmed,53.3,1,37,
1786581030,disarmed,54.5,1,37,
1786581031,disarmed,55.7,1,37,
1786581032,disarmed,56.8,1,37,
1786581033,disarmed,58.4,1,37,
1786581034,disarmed,59.4,1,37,
1786581035,disarmed,60.5,1,37,
1786581036,disarmed,61.5,1,37,
1786581037,disarmed,62.8,1,37,
1786581038,disarmed,63.7,1,37,
1786581039,disarmed,64.7,1,37,
1786581040,disarmed,65.5,1,37,3220146
1786581041,disarmed,66.4,1,37,
1786581042,disarmed,67.6,1,37,
1786581043,disarmed,68.3,1,37,
1786581044,disarmed,69.2,1,37,
1786581045,disarmed,69.9,1,37,
1786581046,disarmed,70.7,1,37,
1786581047,disarmed,68.9,1,37,
1786581048,disarmed,64.9,1,37,
1786581049,disarmed,60.8,1,37,
1786581050,disarmed,57.1,1,37,
1786581051,disarmed,53.3,1,37,
1786581052,disarmed,48.8,1,37,
1786581054,disarmed,45.6,1,37,
1786581055,disarmed,42.6,1,37,
1786581056,disarmed,39.6,1,37,3223495
1786581057,disarmed,36.6,1,37,
1786581058,disarmed,32.8,1,37,
1786581059,disarmed,30.3,1,37,
1786581060,disarmed,27.9,1,37,
1786581061,disarmed,28.7,1,37,
1786581062,disarmed,30.7,1,37,
1786581063,disarmed,32.3,1,37,
1786581064,disarmed,34.6,1,37,
1786581065,disarmed,36.5,1,37,
1786581066,disarmed,38.4,1,37,
1786581067,disarmed,40.8,1,37,
1786581068,disarmed,42.3,1,37,
1786581069,disarmed,44.0,1,37,
1786581070,disarmed,45.4,1,37,
1786581071,disarmed,47.0,1,37,3226754
1786581072,disarmed,49.0,1,37,
1786581073,disarmed,50.3,1,37,
1786581074,disarmed,51.7,1,37,
1786581075,disarmed,52.9,1,37,
1786581076,disarmed,54.6,1,37,
1786581077,disarmed,55.8,1,37,
1786581078,disarmed,57.0,1,37,
1786581079,disarmed,58.0,1,37,
1786581080,disarmed,59.2,1,37,
1786581081,disarmed,60.6,1,37,
1786581082,disarmed,61.6,1,37,
1786581083,disarmed,62.6,1,37,
1786581084,disarmed,63.5,1,37,
1786581085,disarmed,64.5,1,37,
1786581086,disarmed,65.6,1,37,3230107
1786581087,disarmed,66.6,1,37,
1786581088,disarmed,67.4,1,37,
1786581089,disarmed,68.2,1,37,
1786581090,disarmed,69.0,1,37,
1786581091,disarmed,70.0,1,37,
1786581092,armed,70.8,1,37,
1786581093,armed,69.8,1,37,
1786581094,armed,65.6,1,37,
1786581095,armed,60.7,1,37,
1786581096,armed,56.8,1,37,
1786581097,armed,53.0,1,37,
1786581098,armed,50.0,1,37,
1786581099,armed,46.6,1,37,
1786581100,armed,42.3,1,37,
1786581101,armed,39.5,1,37,3233356
1786581102,armed,36.3,1,37,
1786581104,armed,33.7,1,37,
1786581105,armed,30.9,1,37,
1786581106,armed,27.7,1,37,
1786581107,armed,27.6,1,37,
1786581108,armed,29.1,1,37,
1786581109,armed,32.5,1,37,
1786581110,armed,34.0,1,37,
1786581111,armed,36.2,1,37,
1786581112,armed,38.1,1,37,
1786581113,armed,39.7,1,37,
1786581114,armed,41.5,1,37,
1786581115,armed,43.2,1,37,
1786581116,armed,45.3,1,37,
1786581117,armed,46.7,1,37,3236695
1786581118,armed,48.2,1,37,
1786581119,armed,49.6,1,37,
1786581120,armed,50.9,1,37,
1786581121,armed,52.7,1,37,
1786581122,armed,54.0,1,37,
1786581123,armed,55.2,1,37,
1786581124,armed,56.4,1,37,
1786581125,armed,57.5,1,37,
1786581126,armed,59.0,1,37,
1786581127,armed,60.1,1,37,
1786581128,armed,61.1,1,37,
1786581129,armed,62.1,1,37,
1786581130,armed,63.3,1,37,
1786581131,armed,64.4,1,37,
1786581132,armed,65.3,1,37,3240040
1786581133,armed,66.1,1,37,
1786581134,armed,67.0,1,37,
1786581135,armed,68.1,1,37,
1786581136,armed,68.9,1,37,
1786581137,armed,69.6,1,37,
1786581138,armed,70.4,1,37,
1786581139,armed,71.2,1,37,
1786581140,armed,65.9,1,37,
1786581141,armed,60.9,1,37,
1786581142,armed,57.9,1,37,
1786581143,armed,54.4,1,37,
1786581144,armed,51.2,1,37,
1786581145,armed,46.7,1,37,
1786581146,armed,43.8,1,37,
1786581147,armed,40.6,1,37,3243294
1786581148,armed,37.7,1,37,
1786581149,armed,34.0,1,37,
1786581150,armed,31.1,1,37,
1786581151,armed,28.7,1,37,
1786581152,armed,26.0,1,37,
1786581153,armed,30.1,1,37,
1786581155,armed,31.1,1,37,
1786581156,armed,33.3,1,37,
1786581157,armed,35.4,1,37,
1786581158,armed,37.0,1,37,
1786581159,armed,39.0,1,37,
1786581160,armed,41.3,1,37,
1786581161,armed,42.8,1,37,
1786581162,armed,44.5,1,37,
1786581163,armed,46.0,1,37,3246642
1786581164,armed,47.5,1,37,
1786581165,armed,49.4,1,37,
1786581166,armed,50.8,1,37,
1786581167,armed,52.2,1,37,
1786581168,armed,53.3,1,37,
1786581169,armed,55.0,1,37,
1786581170,armed,56.3,1,37,
1786581171,armed,57.3,1,37,
1786581172,armed,58.5,1,37,
1786581173,armed,59.5,1,37,
1786581174,armed,NA,NA,NA,
1786581175,armed,61.9,1,37,
1786581176,armed,62.9,1,37,
1786581177,armed,63.8,1,37,
1786581178,armed,64.8,1,37,3249876
1786581179,armed,66.0,1,37,
1786581180,armed,66.8,1,37,
1786581181,armed,67.7,1,37,
1786581182,armed,68.5,1,37,
1786581183,armed,69.5,1,37,
1786581184,armed,70.3,1,37,
1786581185,armed,71.1,1,37,
1786581186,armed,67.4,1,37,
1786581187,armed,63.6,1,37,
1786581188,armed,59.8,1,37,
1786581189,armed,55.5,1,37,
1786581190,armed,51.6,1,37,
1786581191,armed,48.6,1,37,
1786581192,armed,45.2,1,37,
1786581193,armed,41.9,1,37,3253217
1786581194,armed,38.1,1,37,
1786581195,armed,35.2,1,37,
1786581196,armed,32.3,1,37,
1786581197,armed,29.8,1,37,
1786581198,armed,27.5,1,37,
1786581199,armed,28.7,1,37,
1786581200,armed,30.4,1,37,
1786581201,armed,32.5,1,37,
1786581202,armed,34.4,1,37,
1786581203,armed,36.5,1,37,
1786581204,armed,38.8,1,37,
1786581205,armed,40.6,1,37,
1786581206,armed,42.2,1,37,
1786581208,armed,43.9,1,37,
1786581209,armed,45.3,1,37,3256463
1786581210,armed,47.4,1,37,
1786581211,armed,48.9,1,37,
1786581212,armed,50.2,1,37,
1786581213,armed,51.6,1,37,
1786581214,armed,53.2,1,37,
1786581215,armed,54.5,1,37,
1786581216,armed,55.7,1,37,
1786581217,armed,56.9,1,37,
1786581218,armed,58.0,1,37,
1786581219,armed,59.4,1,37,
1786581220,armed,60.5,1,37,
1786581221,armed,61.5,1,37,
1786581222,armed,62.5,1,37,
1786581223,armed,63.4,1,37,
1786581224,armed,64.7,1,37,3259804
1786581225,armed,65.6,1,37,
1786581226,armed,66.5,1,37,
1786581227,armed,67.3,1,37,
1786581228,armed,68.1,1,37,
1786581229,armed,69.2,1,37,
1786581230,armed,69.9,1,37,
1786581231,armed,70.7,1,37,
1786581232,armed,70.2,1,37,
1786581233,armed,65.7,1,37,
1786581234,armed,60.4,1,37,
1786581235,armed,56.8,1,37,
1786581236,armed,53.0,1,37,
1786581237,armed,49.9,1,37,
1786581238,armed,45.4,1,37,
1786581239,armed,42.4,1,37,3263051
1786581240,armed,39.4,1,37,
1786581241,armed,36.3,1,37,
1786581242,armed,33.8,1,37,
1786581243,armed,30.1,1,37,
1786581244,armed,27.6,1,37,
1786581245,armed,26.8,1,37,
1786581246,armed,29.1,1,37,
1786581247,armed,32.4,1,37,
1786581248,armed,34.1,1,37,
1786581249,armed,36.2,1,37,
1786581250,armed,38.1,1,37,
1786581251,armed,39.7,1,37,
1786581252,armed,42.0,1,37,
1786581253,armed,43.5,1,37,
1786581254,armed,45.2,1,37,3266401
1786581255,armed,46.8,1,37,
1786581256,armed,48.1,1,37,
1786581257,armed,50.0,1,37,
1786581258,armed,51.3,1,37,
1786581260,armed,52.7,1,37,
1786581261,armed,53.8,1,37,
1786581262,armed,55.1,1,37,
1786581263,armed,56.8,1,37,
1786581264,armed,57.8,1,37,
1786581265,armed,58.9,1,37,
1786581266,armed,60.0,1,37,
1786581267,armed,61.3,1,37,
1786581268,armed,62.3,1,37,
1786581269,armed,63.3,1,37,
1786581270,armed,64.3,1,37,3269649
1786581271,armed,65.1,1,37,
1786581272,armed,66.3,1,37,
1786581273,armed,67.2,1,37,
1786581274,armed,67.9,1,37,
1786581275,armed,68.8,1,37,
1786581276,armed,69.8,1,37,
1786581277,armed,70.6,1,37,
1786581278,armed,71.2,1,37,
1786581279,armed,66.0,1,37,
1786581280,armed,62.4,1,37,
1786581281,armed,58.4,1,37,
1786581282,armed,53.5,1,37,
1786581283,armed,50.1,1,37,
1786581284,armed,47.0,1,37,
1786581285,armed,43.9,1,37,3273020
1786581286,armed,39.7,1,37,
1786581287,armed,36.8,1,37,
1786581288,armed,34.0,1,37,
1786581289,armed,31.2,1,37,
1786581290,armed,28.6,1,37,
1786581291,armed,26.2,1,37,
1786581292,armed,29.4,1,37,
1786581293,armed,31.5,1,37,
1786581294,armed,34.0,1,37,
1786581295,armed,35.8,1,37,
1786581296,armed,37.6,1,37,
1786581297,armed,40.0,1,37,
1786581298,armed,41.5,1,37,
1786581299,armed,43.3,1,37,
1786581300,armed,44.9,1,37,3276264
1786581301,armed,46.8,1,37,
1786581302,armed,48.3,1,37,
1786581303,armed,49.7,1,37,
1786581304,armed,51.1,1,37,
1786581305,armed,52.3,1,37,
1786581306,armed,53.7,1,37,
1786581307,armed,55.3,1,37,
1786581308,armed,56.4,1,37,
1786581309,armed,57.7,1,37,
1786581310,armed,58.8,1,37,
1786581311,armed,59.8,1,37,
1786581313,armed,61.2,1,37,
1786581314,armed,62.2,1,37,
1786581315,armed,63.2,1,37,
1786581316,armed,64.1,1,37,3279599
1786581317,armed,65.0,1,37,
1786581318,armed,66.1,1,37,
1786581319,armed,67.0,1,37,
1786581320,armed,67.9,1,37,
1786581321,armed,68.6,1,37,
1786581322,armed,69.5,1,37,
1786581323,armed,70.5,1,37,
1786581324,armed,71.2,1,37,
1786581325,armed,66.0,1,37,
1786581326,armed,62.4,1,37,
1786581327,armed,57.3,1,37,
1786581328,armed,54.3,1,37,
1786581329,armed,50.7,1,37,
1786581330,armed,47.6,1,37,
1786581331,armed,44.1,1,37,3282944
1786581332,armed,40.1,1,37,
1786581333,armed,37.3,1,37,
1786581334,armed,34.4,1,37,
1786581335,armed,31.8,1,37,
1786581336,armed,29.0,1,37,
1786581337,armed,25.8,1,37,
1786581338,armed,29.5,1,37,
1786581339,armed,31.3,1,37,
1786581340,armed,33.4,1,37,
1786581341,armed,35.0,1,37,
1786581342,armed,37.8,1,37,
1786581343,armed,39.6,1,37,
1786581344,armed,41.2,1,37,
1786581345,armed,42.9,1,37,
1786581346,armed,44.6,1,37,3286195
1786581347,armed,46.5,1,37,
1786581348,armed,48.1,1,37,
1786581349,armed,49.4,1,37,
1786581350,armed,50.8,1,37,
1786581351,armed,52.6,1,37,
1786581352,armed,53.8,1,37,
1786581353,armed,55.0,1,37,
1786581354,armed,56.2,1,37,
1786581355,armed,57.4,1,37,
1786581356,armed,58.8,1,37,
1786581357,armed,59.9,1,37,
1786581358,armed,60.9,1,37,
1786581359,armed,61.9,1,37,
1786581360,armed,63.0,1,37,
1786581361,armed,64.2,1,37,3289556
1786581362,armed,65.1,1,37,
1786581364,armed,66.1,1,37,
1786581365,armed,66.8,1,37,
1786581366,armed,67.7,1,37,
1786581367,armed,68.8,1,37,
1786581368,armed,69.6,1,37,
1786581369,armed,70.3,1,37,
1786581370,armed,71.1,1,37,
1786581371,armed,66.5,1,37,
1786581372,armed,62.5,1,37,
1786581373,armed,58.6,1,37,
1786581374,armed,55.6,1,37,
1786581375,armed,51.7,1,37,
1786581376,armed,47.6,1,37,
1786581377,armed,44.0,1,37,3292795
1786581378,armed,41.3,1,37,
1786581379,armed,38.3,1,37,
1786581380,armed,35.1,1,37,
1786581381,armed,32.6,1,37,
1786581382,armed,29.0,1,37,
1786581383,armed,26.4,1,37,
1786581384,armed,28.5,1,37,
1786581385,armed,30.4,1,37,
1786581386,armed,32.5,1,37,
1786581387,armed,34.8,1,37,
1786581388,armed,37.1,1,37,
1786581389,armed,38.8,1,37,
1786581390,armed,40.6,1,37,
1786581391,armed,42.2,1,37,
1786581392,disarmed,44.4,1,37,3296152
1786581393,disarmed,46.0,1,37,
1786581394,disarmed,47.4,1,37,
1786581395,disarmed,48.9,1,37,
1786581396,disarmed,50.2,1,37,
1786581397,disarmed,52.0,1,37,
1786581398,disarmed,53.4,1,37,
1786581399,disarmed,54.5,1,37,
1786581400,disarmed,55.8,1,37,
1786581401,disarmed,56.9,1,37,
1786581402,disarmed,58.4,1,37,
1786581403,disarmed,59.6,1,37,
1786581404,disarmed,60.6,1,37,
1786581405,disarmed,61.6,1,37,
1786581406,disarmed,62.6,1,37,
1786581407,disarmed,63.9,1,37,3299421
1786581408,disarmed,64.8,1,37,
1786581409,disarmed,65.6,1,37,
1786581410,disarmed,66.6,1,37,
1786581411,disarmed,67.6,1,37,
1786581412,disarmed,68.5,1,37,
1786581413,disarmed,69.2,1,37,
1786581414,disarmed,70.0,1,37,
1786581416,disarmed,70.8,1,37,
1786581417,disarmed,66.7,1,37,
1786581418,disarmed,64.1,1,37,
1786581419,disarmed,59.8,1,37,
1786581420,disarmed,56.6,1,37,
1786581421,disarmed,52.8,1,37,
1786581422,disarmed,48.3,1,37,
1786581423,disarmed,45.4,1,37,3302781
1786581424,disarmed,42.0,1,37,
1786581425,disarmed,39.3,1,37,
1786581426,disarmed,35.2,1,37,
1786581427,disarmed,32.7,1,37,
1786581428,disarmed,30.0,1,37,
1786581429,disarmed,27.6,1,37,
1786581430,disarmed,28.7,1,37,
1786581431,disarmed,30.4,1,37,
1786581432,disarmed,32.8,1,37,
1786581433,disarmed,34.5,1,37,
1786581434,disarmed,36.6,1,37,
1786581435,disarmed,38.6,1,37,
1786581436,disarmed,40.6,1,37,
1786581437,disarmed,42.4,1,37,
1786581438,disarmed,43.9,1,37,3306025
1786581439,disarmed,45.5,1,37,
1786581440,disarmed,47.6,1,37,
1786581441,disarmed,48.9,1,37,
1786581442,disarmed,50.2,1,37,
1786581443,disarmed,51.6,1,37,
1786581444,disarmed,52.8,1,37,
1786581445,disarmed,54.5,1,37,
1786581446,disarmed,55.8,1,37,
1786581447,disarmed,56.9,1,37,
1786581448,disarmed,58.1,1,37,
1786581449,disarmed,59.2,1,37,
1786581450,disarmed,60.5,1,37,
1786581451,disarmed,61.6,1,37,
1786581452,disarmed,62.5,1,37,
1786581453,disarmed,63.5,1,37,3309365
1786581454,disarmed,64.5,1,37,
1786581455,disarmed,65.6,1,37,
1786581456,disarmed,66.6,1,37,
1786581457,disarmed,67.4,1,37,
1786581458,disarmed,68.2,1,37,
1786581459,disarmed,69.1,1,37,
1786581460,disarmed,70.0,1,37,
1786581461,disarmed,70.8,1,37,
1786581462,disarmed,68.5,1,37,
1786581463,disarmed,65.3,1,37,
1786581464,disarmed,61.1,1,37,
1786581465,disarmed,56.1,1,37,
1786581466,disarmed,52.5,1,37,
1786581468,disarmed,49.0,1,37,
1786581469,disarmed,46.0,1,37,3312621
1786581470,disarmed,42.8,1,37,
1786581471,disarmed,38.9,1,37,
1786581472,disarmed,35.9,1,37,
1786581473,disarmed,33.2,1,37,
1786581474,disarmed,30.4,1,37,
1786581475,disarmed,27.8,1,37,
1786581476,disarmed,28.0,1,37,
1786581477,disarmed,29.8,1,37,
1786581478,disarmed,32.0,1,37,
1786581479,disarmed,34.4,1,37,
1786581480,disarmed,36.4,1,37,
1786581481,disarmed,38.6,1,37,
1786581482,disarmed,40.4,1,37,
1786581483,disarmed,41.9,1,37,
1786581484,disarmed,43.7,1,37,3315969
1786581485,disarmed,45.2,1,37,
1786581486,disarmed,47.2,1,37,
1786581487,disarmed,48.7,1,37,
1786581488,disarmed,50.0,1,37,
1786581489,disarmed,51.4,1,37,
1786581490,disarmed,52.6,1,37,
1786581491,disarmed,54.3,1,37,
1786581492,disarmed,55.6,1,37,
1786581493,disarmed,56.7,1,37,
1786581494,disarmed,57.8,1,37,
1786581495,disarmed,58.9,1,37,
1786581496,disarmed,60.4,1,37,
1786581497,disarmed,61.4,1,37,
1786581498,disarmed,62.4,1,37,
1786581499,disarmed,63.4,1,37,3319212
1786581500,disarmed,64.3,1,37,
1786581501,disarmed,65.5,1,37,
1786581502,disarmed,66.5,1,37,
1786581503,disarmed,67.2,1,37,
1786581504,disarmed,68.0,1,37,
1786581505,disarmed,69.1,1,37,
1786581506,disarmed,69.9,1,37,
1786581507,disarmed,70.6,1,37,
1786581508,disarmed,71.1,1,37,
1786581509,disarmed,65.9,1,37,
1786581510,disarmed,60.9,1,37,
1786581511,disarmed,56.8,1,37,
1786581512,disarmed,53.3,1,37,
1786581513,disarmed,50.0,1,37,
1786581514,disarmed,46.8,1,37,3322573
1786581515,disarmed,42.6,1,37,
1786581516,disarmed,39.3,1,37,
1786581517,disarmed,36.6,1,37,
1786581518,disarmed,33.7,1,37,
1786581519,disarmed,31.2,1,37,
1786581521,disarmed,27.6,1,37,
1786581522,disarmed,26.4,1,37,
1786581523,disarmed,29.0,1,37,
1786581524,disarmed,32.2,1,37,
1786581525,disarmed,33.5,1,37,
1786581526,disarmed,36.3,1,37,
1786581527,disarmed,38.0,1,37,
1786581528,disarmed,39.7,1,37,
1786581529,disarmed,41.5,1,37,
1786581530,disarmed,43.0,1,37,3325825
1786581531,disarmed,45.2,1,37,
1786581532,disarmed,46.6,1,37,
1786581533,disarmed,48.1,1,37,
1786581534,disarmed,49.5,1,37,
1786581535,disarmed,50.9,1,37,
1786581536,disarmed,52.5,1,37,
1786581537,disarmed,53.9,1,37,
1786581538,disarmed,55.0,1,37,
1786581539,disarmed,56.3,1,37,
1786581540,disarmed,57.5,1,37,
1786581541,disarmed,59.0,1,37,
1786581542,disarmed,60.0,1,37,
1786581543,disarmed,61.0,1,37,
1786581544,disarmed,62.0,1,37,
1786581545,disarmed,63.2,1,37,3329162
1786581546,disarmed,64.2,1,37,
1786581547,disarmed,65.1,1,37,
1786581548,disarmed,66.0,1,37,
1786581549,disarmed,66.9,1,37,
1786581550,disarmed,67.9,1,37,
1786581551,disarmed,68.8,1,37,
1786581552,disarmed,69.6,1,37,
1786581553,disarmed,70.3,1,37,
1786581554,disarmed,71.1,1,37,
1786581555,disarmed,66.0,1,37,
1786581556,disarmed,61.4,1,37,
1786581557,disarmed,58.5,1,37,
1786581558,disarmed,54.8,1,37,
1786581559,disarmed,51.3,1,37,
1786581560,disarmed,46.9,1,37,3332495
1786581561,disarmed,43.7,1,37,
1786581562,disarmed,40.8,1,37,
1786581563,disarmed,37.8,1,37,
1786581564,disarmed,34.1,1,37,
1786581565,disarmed,31.2,1,37,
1786581566,disarmed,28.9,1,37,
1786581567,disarmed,26.3,1,37,
1786581568,disarmed,29.2,1,37,
1786581569,disarmed,31.6,1,37,
1786581570,disarmed,33.7,1,37,
1786581572,disarmed,35.5,1,37,
1786581573,disarmed,37.1,1,37,
1786581574,disarmed,39.6,1,37,
1786581575,disarmed,41.5,1,37,
1786581576,disarmed,43.0,1,37,3335754
1786581577,disarmed,44.7,1,37,
1786581578,disarmed,46.1,1,37,
1786581579,disarmed,48.1,1,37,
1786581580,disarmed,49.6,1,37,
1786581581,disarmed,50.8,1,37,
1786581582,disarmed,52.2,1,37,
1786581583,disarmed,53.4,1,37,
1786581584,disarmed,55.1,1,37,
1786581585,disarmed,56.4,1,37,
1786581586,disarmed,57.4,1,37,
1786581587,disarmed,58.6,1,37,
1786581588,disarmed,59.6,1,37,
1786581589,disarmed,61.0,1,37,
1786581590,disarmed,62.1,1,37,
1786581591,disarmed,63.0,1,37,3339096
1786581592,disarmed,64.0,1,37,
1786581593,disarmed,65.2,1,37,
1786581594,disarmed,66.1,1,37,
1786581595,disarmed,66.9,1,37,
1786581596,disarmed,67.8,1,37,
1786581597,disarmed,68.5,1,37,
1786581598,disarmed,69.6,1,37,
1786581599,disarmed,70.4,1,37,
1786581600,disarmed,71.1,1,37,
1786581601,disarmed,65.7,1,37,
1786581602,disarmed,63.0,1,37,
1786581603,disarmed,58.0,1,37,
1786581604,disarmed,54.4,1,37,
1786581605,disarmed,51.4,1,37,
1786581606,disarmed,47.8,1,37,3342341
1786581607,disarmed,44.8,1,37,
1786581608,disarmed,40.5,1,37,
1786581609,disarmed,37.8,1,37,
1786581610,disarmed,35.0,1,37,
1786581611,disarmed,31.9,1,37,
1786581612,disarmed,29.6,1,37,
1786581613,disarmed,26.1,1,37,
1786581614,disarmed,30.1,1,37,
1786581615,disarmed,31.1,1,37,
1786581616,disarmed,32.5,1,37,
1786581617,disarmed,35.3,1,37,
1786581618,disarmed,37.0,1,37,
1786581619,disarmed,39.0,1,37,
1786581620,disarmed,40.8,1,37,
1786581621,disarmed,42.3,1,37,3345691
1786581622,disarmed,44.0,1,37,
1786581623,disarmed,45.9,1,37,
1786581625,disarmed,47.5,1,37,
1786581626,disarmed,48.8,1,37,
1786581627,disarmed,50.3,1,37,
1786581628,disarmed,51.7,1,37,
1786581629,disarmed,53.5,1,37,
1786581630,disarmed,54.6,1,37,
1786581631,disarmed,55.7,1,37,
1786581632,disarmed,57.0,1,37,
1786581633,disarmed,58.5,1,37,
1786581634,disarmed,59.5,1,37,
1786581635,disarmed,60.6,1,37,
1786581636,disarmed,61.6,1,37,
1786581637,disarmed,62.6,1,37,3348931
1786581638,disarmed,63.9,1,37,
1786581639,disarmed,64.8,1,37,
1786581640,disarmed,65.7,1,37,
1786581641,disarmed,66.5,1,37,
1786581642,disarmed,67.4,1,37,
1786581643,disarmed,68.5,1,37,
1786581644,disarmed,69.3,1,37,
1786581645,disarmed,70.1,1,37,
1786581646,disarmed,70.8,1,37,
1786581647,disarmed,68.9,1,37,
1786581648,disarmed,63.0,1,37,
1786581649,disarmed,59.8,1,37,
1786581650,disarmed,55.8,1,37,
1786581651,disarmed,52.3,1,37,
1786581652,disarmed,48.9,1,37,3352267
1786581653,disarmed,44.7,1,37,
1786581654,disarmed,41.6,1,37,
1786581655,disarmed,38.4,1,37,
1786581656,disarmed,35.8,1,37,
1786581657,disarmed,32.9,1,37,
1786581658,disarmed,29.5,1,37,
1786581659,disarmed,26.9,1,37,
1786581660,disarmed,27.7,1,37,
1786581661,disarmed,29.8,1,37,
1786581662,disarmed,32.0,1,37,
1786581663,disarmed,34.2,1,37,
1786581664,disarmed,36.9,1,37,
1786581665,disarmed,38.6,1,37,
1786581666,disarmed,40.2,1,37,
1786581667,disarmed,42.5,1,37,3355532
1786581668,disarmed,44.1,1,37,
1786581669,disarmed,45.6,1,37,
1786581670,disarmed,47.0,1,37,
1786581671,disarmed,48.6,1,37,
1786581672,disarmed,50.4,1,37,
1786581673,disarmed,51.8,1,37,
1786581674,disarmed,53.0,1,37,
1786581675,disarmed,54.3,1,37,
1786581677,disarmed,55.6,1,37,
1786581678,disarmed,56.7,1,37,
1786581679,disarmed,58.2,1,37,
1786581680,disarmed,59.4,1,37,
1786581681,disarmed,60.4,1,37,
1786581682,disarmed,61.5,1,37,
1786581683,disarmed,62.4,1,37,3358887
1786581684,disarmed,63.7,1,37,
1786581685,disarmed,64.6,1,37,
1786581686,disarmed,65.5,1,37,
1786581687,disarmed,66.3,1,37,
1786581688,disarmed,67.5,1,37,
1786581689,disarmed,68.4,1,37,
1786581690,disarmed,69.1,1,37,
1786581691,disarmed,69.9,1,37,
1786581692,armed,70.6,1,37,
1786581693,armed,68.9,1,37,
1786581694,armed,65.4,1,37,
1786581695,armed,61.3,1,37,
1786581696,armed,57.1,1,37,
1786581697,armed,53.9,1,37,
1786581698,armed,49.2,1,37,3362131
1786581699,armed,46.2,1,37,
1786581700,armed,42.8,1,37,
1786581701,armed,40.0,1,37,
1786581702,armed,36.1,1,37,
1786581703,armed,33.2,1,37,
1786581704,armed,30.7,1,37,
1786581705,armed,27.9,1,37,
1786581706,armed,25.7,1,37,
1786581707,armed,29.3,1,37,
1786581708,armed,31.7,1,37,
1786581709,armed,34.0,1,37,
1786581710,armed,35.8,1,37,
1786581711,armed,37.7,1,37,
1786581712,armed,39.5,1,37,
1786581713,armed,41.8,1,37,3365489
1786581714,armed,43.3,1,37,
1786581715,armed,44.8,1,37,
1786581716,armed,46.4,1,37,
1786581717,armed,48.4,1,37,
1786581718,armed,49.8,1,37,
1786581719,armed,51.2,1,37,
1786581720,armed,52.4,1,37,
1786581721,armed,53.7,1,37,
1786581722,armed,55.4,1,37,
1786581723,armed,56.5,1,37,
1786581724,armed,57.6,1,37,
1786581725,armed,58.7,1,37,
1786581726,armed,60.2,1,37,
1786581727,armed,61.2,1,37,
1786581729,armed,62.2,1,37,3368754
1786581730,armed,63.1,1,37,
1786581731,armed,64.1,1,37,
1786581732,armed,65.3,1,37,
1786581733,armed,66.2,1,37,
1786581734,armed,67.1,1,37,
1786581735,armed,67.9,1,37,
1786581736,armed,68.6,1,37,
1786581737,armed,69.7,1,37,
1786581738,armed,70.5,1,37,
1786581739,armed,71.2,1,37,
1786581740,armed,66.1,1,37,
1786581741,armed,62.5,1,37,
1786581742,armed,57.6,1,37,
1786581743,armed,54.1,1,37,
1786581744,armed,51.0,1,37,3372115
1786581745,armed,47.5,1,37,
1786581746,armed,44.3,1,37,
1786581747,armed,40.3,1,37,
1786581748,armed,37.5,1,37,
1786581749,armed,34.5,1,37,
1786581750,armed,31.6,1,37,
1786581751,armed,29.3,1,37,
1786581752,armed,25.9,1,37,
1786581753,armed,28.8,1,37,
1786581754,armed,31.5,1,37,
1786581755,armed,33.1,1,37,
1786581756,armed,35.6,1,37,
1786581757,armed,37.5,1,37,
1786581758,armed,39.2,1,37,
1786581759,armed,41.0,1,37,3375466
1786581760,armed,42.7,1,37,
1786581761,armed,44.8,1,37,
1786581762,armed,46.4,1,37,
1786581763,armed,47.7,1,37,
1786581764,armed,49.2,1,37,
1786581765,armed,51.0,1,37,
1786581766,armed,52.4,1,37,
1786581767,armed,53.7,1,37,
1786581768,armed,54.8,1,37,
1786581769,armed,56.0,1,37,
1786581770,armed,57.5,1,37,
1786581771,armed,58.7,1,37,
1786581772,armed,59.7,1,37,
1786581773,armed,60.8,1,37,
1786581774,armed,61.7,1,37,3378719
1786581775,armed,63.1,1,37,
1786581776,armed,63.9,1,37,
1786581777,armed,64.9,1,37,
1786581779,armed,65.9,1,37,
1786581780,armed,66.7,1,37,
1786581781,armed,67.8,1,37,
1786581782,armed,68.6,1,37,
1786581783,armed,69.4,1,37,
1786581784,armed,70.1,1,37,
1786581785,armed,71.1,1,37,
1786581786,armed,65.5,1,37,
1786581787,armed,62.5,1,37,
1786581788,armed,60.0,1,37,
1786581789,armed,55.7,1,37,
1786581790,armed,51.2,1,37,3382059
1786581791,armed,47.9,1,37,
1786581792,armed,44.6,1,37,
1786581793,armed,41.6,1,37,
1786581794,armed,37.6,1,37,
1786581795,armed,35.0,1,37,
1786581796,armed,32.2,1,37,
1786581797,armed,29.6,1,37,
1786581798,armed,27.0,1,37,
1786581799,armed,29.3,1,37,
1786581800,armed,30.7,1,37,
1786581801,armed,32.7,1,37,
1786581802,armed,35.2,1,37,
1786581803,armed,37.2,1,37,
1786581804,armed,39.0,1,37,
1786581805,armed,40.8,1,37,3385155
1786581806,armed,42.5,1,37,
1786581807,armed,44.5,1,37,
1786581808,armed,46.1,1,37,
1786581809,armed,47.5,1,37,
1786581810,armed,49.0,1,37,
1786581811,armed,50.5,1,37,
1786581812,armed,52.1,1,37,
1786581813,armed,53.5,1,37,
1786581814,armed,54.7,1,37,
1786581815,armed,55.9,1,37,
1786581816,armed,57.1,1,37,
1786581817,armed,58.5,1,37,
1786581818,armed,59.7,1,37,
1786581819,armed,60.7,1,37,
1786581820,armed,61.7,1,37,3388505
1786581821,armed,62.9,1,37,
1786581822,armed,63.9,1,37,
1786581823,armed,64.8,1,37,
1786581824,armed,65.8,1,37,
1786581825,armed,66.6,1,37,
1786581826,armed,67.7,1,37,
1786581827,armed,68.5,1,37,
1786581828,armed,69.3,1,37,
1786581830,armed,70.0,1,37,
1786581831,armed,71.0,1,37,
1786581832,armed,65.5,1,37,
1786581833,armed,63.2,1,37,
1786581834,armed,60.0,1,37,
1786581835,armed,56.3,1,37,
1786581836,armed,51.4,1,37,3391752
1786581837,armed,48.2,1,37,
1786581838,armed,44.9,1,37,
1786581839,armed,41.8,1,37,
1786581840,armed,38.8,1,37,
1786581841,armed,35.0,1,37,
1786581842,armed,32.5,1,37,
1786581843,armed,29.7,1,37,
1786581844,armed,27.4,1,37,
1786581845,armed,27.5,1,37,
1786581846,armed,31.7,1,37,
1786581847,armed,32.5,1,37,
1786581848,armed,35.1,1,37,
1786581849,armed,36.8,1,37,
1786581850,armed,38.7,1,37,
1786581851,armed,40.9,1,37,3395108
1786581852,armed,42.6,1,37,
1786581853,armed,44.2,1,37,
1786581854,armed,45.8,1,37,
1786581855,armed,47.7,1,37,
1786581856,armed,49.1,1,37,
1786581857,armed,50.5,1,37,
1786581858,armed,52.0,1,37,
1786581859,armed,53.1,1,37,
1786581860,armed,54.9,1,37,
1786581861,armed,55.9,1,37,
1786581862,armed,57.1,1,37,
1786581863,armed,58.3,1,37,
1786581864,armed,59.4,1,37,
1786581865,armed,60.8,1,37,
1786581866,armed,61.8,1,37,3398341
1786581867,armed,62.6,1,37,
1786581868,armed,63.7,1,37,
1786581869,armed,64.8,1,37,
1786581870,armed,65.8,1,37,
1786581871,armed,66.6,1,37,
1786581872,armed,67.5,1,37,
1786581873,armed,68.2,1,37,
1786581874,armed,69.4,1,37,
1786581875,armed,70.1,1,37,
1786581876,armed,70.9,1,37,
1786581877,armed,68.7,1,37,
1786581878,armed,63.0,1,37,
1786581879,armed,59.9,1,37,
1786581880,armed,56.2,1,37,
1786581882,armed,52.5,1,37,3401690
1786581883,armed,49.3,1,37,
1786581884,armed,45.0,1,37,
1786581885,armed,41.7,1,37,
1786581886,armed,38.9,1,37,
1786581887,armed,35.9,1,37,
1786581888,armed,33.2,1,37,
1786581889,armed,29.6,1,37,
1786581890,armed,27.0,1,37,
1786581891,armed,27.3,1,37,
1786581892,armed,29.9,1,37,
1786581893,armed,31.9,1,37,
1786581894,armed,35.1,1,37,
1786581895,armed,36.8,1,37,
1786581896,armed,38.7,1,37,
1786581897,armed,40.3,1,37,3404931
1786581898,armed,42.0,1,37,
1786581899,armed,44.2,1,37,
1786581900,armed,45.6,1,37,
1786581901,armed,47.2,1,37,
1786581902,armed,48.6,1,37,
1786581903,armed,50.0,1,37,
1786581904,armed,51.9,1,37,
1786581905,armed,53.2,1,37,
1786581906,armed,54.4,1,37,
1786581907,armed,55.6,1,37,
1786581908,armed,56.8,1,37,
1786581909,armed,58.3,1,37,
1786581910,armed,59.3,1,37,
1786581911,armed,60.4,1,37,
1786581912,armed,61.4,1,37,3408280
1786581913,armed,62.5,1,37,
1786581914,armed,63.8,1,37,
1786581915,armed,64.6,1,37,
1786581916,armed,65.5,1,37,
1786581917,armed,66.4,1,37,
1786581918,armed,67.6,1,37,
1786581919,armed,68.3,1,37,
1786581920,armed,69.1,1,37,
1786581921,armed,69.8,1,37,
1786581922,armed,70.6,1,37,
1786581923,armed,68.9,1,37,
1786581924,armed,64.6,1,37,
1786581925,armed,61.0,1,37,
1786581926,armed,57.0,1,37,
1786581927,armed,52.1,1,37,3411627
1786581928,armed,49.0,1,37,
1786581929,armed,45.6,1,37,
1786581930,armed,42.7,1,37,
1786581931,armed,39.6,1,37,
1786581932,armed,35.6,1,37,
1786581934,armed,32.9,1,37,
1786581935,armed,30.1,1,37,
1786581936,armed,27.8,1,37,
1786581937,armed,27.8,1,37,
1786581938,armed,30.1,1,37,
1786581939,armed,32.4,1,37,
1786581940,armed,34.2,1,37,
1786581941,armed,36.5,1,37,
1786581942,armed,38.3,1,37,
1786581943,armed,40.4,1,37,3414867
1786581944,armed,42.2,1,37,
1786581945,armed,43.8,1,37,
1786581946,armed,45.4,1,37,
1786581947,armed,46.9,1,37,
1786581948,armed,48.8,1,37,
1786581949,armed,50.2,1,37,
1786581950,armed,51.5,1,37,
1786581951,armed,52.9,1,37,
1786581952,armed,54.0,1,37,
1786581953,armed,55.6,1,37,
1786581954,armed,56.8,1,37,
1786581955,armed,58.0,1,37,
1786581956,armed,59.0,1,37,
1786581957,armed,60.1,1,37,
1786581958,armed,61.5,1,37,3418213
1786581959,armed,62.5,1,37,
1786581960,armed,63.5,1,37,
1786581961,armed,64.3,1,37,
1786581962,armed,65.3,1,37,
1786581963,armed,66.5,1,37,
1786581964,armed,67.3,1,37,
1786581965,armed,68.2,1,37,
1786581966,armed,69.0,1,37,
1786581967,armed,69.7,1,37,
1786581968,armed,70.8,1,37,
1786581969,armed,69.7,1,37,
1786581970,armed,65.5,1,37,
1786581971,armed,60.7,1,37,
1786581972,armed,57.5,1,37,
1786581973,armed,52.8,1,37,3421452
1786581974,armed,49.8,1,37,
1786581975,armed,46.2,1,37,
1786581976,armed,43.4,1,37,
1786581977,armed,39.2,1,37,
1786581978,armed,36.2,1,37,
1786581979,armed,33.6,1,37,
1786581980,armed,30.7,1,37,
1786581981,armed,28.0,1,37,
1786581982,armed,28.5,1,37,
1786581983,armed,29.9,1,37,
1786581984,armed,32.0,1,37,
1786581986,armed,34.5,1,37,
1786581987,armed,36.0,1,37,
1786581988,armed,38.7,1,37,
1786581989,armed,40.4,1,37,3424806
1786581990,armed,42.0,1,37,
1786581991,armed,43.5,1,37,
1786581992,disarmed,45.6,1,37,
1786581993,disarmed,47.2,1,37,
1786581994,disarmed,48.6,1,37,
1786581995,disarmed,50.0,1,37,
1786581996,disarmed,51.3,1,37,
1786581997,disarmed,53.1,1,37,
1786581998,disarmed,54.2,1,37,
1786581999,disarmed,55.5,1,37,
1786582000,disarmed,56.7,1,37,
1786582001,disarmed,58.2,1,37,
1786582002,disarmed,59.3,1,37,
1786582003,disarmed,60.3,1,37,
1786582004,disarmed,61.4,1,37,3428049
1786582005,disarmed,62.3,1,37,
1786582006,disarmed,63.6,1,37,
1786582007,disarmed,64.5,1,37,
1786582008,disarmed,65.4,1,37,
1786582009,disarmed,66.3,1,37,
1786582010,disarmed,67.2,1,37,
1786582011,disarmed,68.3,1,37,
1786582012,disarmed,69.0,1,37,
1786582013,disarmed,69.9,1,37,
1786582014,disarmed,70.5,1,37,
1786582015,disarmed,68.8,1,37,
1786582016,disarmed,65.1,1,37,
1786582017,disarmed,61.0,1,37,
1786582018,disarmed,57.0,1,37,
1786582019,disarmed,53.3,1,37,3431396
1786582020,disarmed,48.8,1,37,
1786582021,disarmed,45.7,1,37,
1786582022,disarmed,42.6,1,37,
1786582023,disarmed,39.8,1,37,
1786582024,disarmed,36.6,1,37,
1786582025,disarmed,32.9,1,37,
1786582026,disarmed,30.3,1,37,
1786582027,disarmed,27.7,1,37,
1786582028,disarmed,25.6,1,37,
1786582029,disarmed,29.1,1,37,
1786582030,disarmed,31.8,1,37,
1786582031,disarmed,34.2,1,37,
1786582032,disarmed,36.3,1,37,
1786582033,disarmed,37.8,1,37,
1786582035,disarmed,40.3,1,37,3434667
1786582036,disarmed,41.9,1,37,
1786582037,disarmed,43.6,1,37,
1786582038,disarmed,45.1,1,37,
1786582039,disarmed,46.7,1,37,
1786582040,disarmed,48.5,1,37,
1786582041,disarmed,50.0,1,37,
1786582042,disarmed,51.4,1,37,
1786582043,disarmed,52.6,1,37,
1786582044,disarmed,53.9,1,37,
1786582045,disarmed,55.4,1,37,
1786582046,disarmed,56.7,1,37,
1786582047,disarmed,57.7,1,37,
1786582048,disarmed,58.9,1,37,
1786582049,disarmed,60.3,1,37,
1786582050,disarmed,61.3,1,37,3438002
1786582051,disarmed,62.3,1,37,
1786582052,disarmed,63.3,1,37,
1786582053,disarmed,64.2,1,37,
1786582054,disarmed,65.1,1,37,
1786582055,disarmed,66.3,1,37,
1786582056,disarmed,67.2,1,37,
1786582057,disarmed,68.0,1,37,
1786582058,disarmed,68.8,1,37,
1786582059,disarmed,69.8,1,37,
1786582060,disarmed,70.6,1,37,
1786582061,disarmed,71.2,1,37,
1786582062,disarmed,66.0,1,37,
1786582063,disarmed,61.2,1,37,
1786582064,disarmed,57.1,1,37,
1786582065,disarmed,53.9,1,37,3441344
1786582066,disarmed,50.4,1,37,
1786582067,disarmed,47.3,1,37,
1786582068,disarmed,42.9,1,37,
1786582069,disarmed,40.2,1,37,
1786582070,disarmed,37.2,1,37,
1786582071,disarmed,34.1,1,37,
1786582072,disarmed,31.6,1,37,
1786582073,disarmed,28.0,1,37,
1786582074,disarmed,26.1,1,37,
1786582075,disarmed,29.3,1,37,
1786582076,disarmed,31.9,1,37,
1786582077,disarmed,33.6,1,37,
1786582078,disarmed,36.3,1,37,
1786582079,disarmed,37.8,1,37,
1786582080,disarmed,39.7,1,37,3444584
1786582081,disarmed,41.5,1,37,
1786582082,disarmed,43.1,1,37,
1786582083,disarmed,45.2,1,37,
1786582084,disarmed,46.6,1,37,
1786582086,disarmed,48.2,1,37,
1786582087,disarmed,49.6,1,37,
1786582088,disarmed,50.9,1,37,
1786582089,disarmed,52.7,1,37,
1786582090,disarmed,54.0,1,37,
1786582091,disarmed,55.2,1,37,
1786582092,disarmed,56.4,1,37,
1786582093,disarmed,57.5,1,37,
1786582094,disarmed,59.0,1,37,
1786582095,disarmed,60.0,1,37,
1786582096,disarmed,61.1,1,37,3447934
1786582097,disarmed,62.0,1,37,
1786582098,disarmed,63.4,1,37,
1786582099,disarmed,64.2,1,37,
1786582100,disarmed,65.2,1,37,
1786582101,disarmed,66.0,1,37,
1786582102,disarmed,66.9,1,37,
1786582103,disarmed,68.0,1,37,
1786582104,disarmed,68.8,1,37,
1786582105,disarmed,69.6,1,37,
1786582106,disarmed,70.4,1,37,
1786582107,disarmed,70.7,1,37,
1786582108,disarmed,66.0,1,37,
1786582109,disarmed,62.1,1,37,
1786582110,disarmed,58.5,1,37,
1786582111,disarmed,54.8,1,37,3451164
1786582112,disarmed,50.4,1,37,
1786582113,disarmed,47.0,1,37,
1786582114,disarmed,43.6,1,37,
1786582115,disarmed,40.8,1,37,
1786582116,disarmed,36.8,1,37,
1786582117,disarmed,34.2,1,37,
1786582118,disarmed,31.3,1,37,
1786582119,disarmed,28.6,1,37,
1786582120,disarmed,26.3,1,37,
1786582121,disarmed,29.4,1,37,
1786582122,disarmed,31.9,1,37,
1786582123,disarmed,34.1,1,37,
1786582124,disarmed,35.6,1,37,
1786582125,disarmed,37.5,1,37,
1786582126,disarmed,39.4,1,37,3454520
1786582127,disarmed,41.6,1,37,
1786582128,disarmed,43.3,1,37,
1786582129,disarmed,44.8,1,37,
1786582130,disarmed,46.4,1,37,
1786582131,disarmed,48.2,1,37,
1786582132,disarmed,49.7,1,37,
1786582133,disarmed,51.0,1,37,
1786582134,disarmed,52.4,1,37,
1786582135,disarmed,53.5,1,37,
1786582136,disarmed,55.3,1,37,
1786582138,disarmed,56.5,1,37,
1786582139,disarmed,57.5,1,37,
1786582140,disarmed,58.6,1,37,
1786582141,disarmed,60.0,1,37,
1786582142,disarmed,61.1,1,37,3457756
1786582143,disarmed,62.1,1,37,
1786582144,disarmed,63.1,1,37,
1786582145,disarmed,64.0,1,37,
1786582146,disarmed,65.2,1,37,
1786582147,disarmed,66.2,1,37,
1786582148,disarmed,66.9,1,37,
1786582149,disarmed,67.8,1,37,
1786582150,disarmed,68.6,1,37,
1786582151,disarmed,69.7,1,37,
1786582152,disarmed,70.4,1,37,
1786582153,disarmed,71.1,1,37,
1786582154,disarmed,66.8,1,37,
1786582155,disarmed,62.4,1,37,
1786582156,disarmed,57.6,1,37,
1786582157,disarmed,54.5,1,37,3461104
1786582158,disarmed,51.0,1,37,
1786582159,disarmed,47.6,1,37,
1786582160,disarmed,44.6,1,37,
1786582161,disarmed,40.4,1,37,
1786582162,disarmed,37.7,1,37,
1786582163,disarmed,34.7,1,37,
1786582164,disarmed,32.1,1,37,
1786582165,disarmed,28.7,1,37,
1786582166,disarmed,26.3,1,37,
1786582167,disarmed,28.9,1,37,
1786582168,disarmed,31.7,1,37,
1786582169,disarmed,32.9,1,37,
1786582170,disarmed,35.7,1,37,
1786582171,disarmed,37.4,1,37,
1786582172,disarmed,39.3,1,37,3464356
1786582173,disarmed,41.1,1,37,
1786582174,disarmed,43.2,1,37,
1786582175,disarmed,44.8,1,37,
1786582176,disarmed,46.4,1,37,
1786582177,disarmed,47.7,1,37,
1786582178,disarmed,49.2,1,37,
1786582179,disarmed,51.0,1,37,
1786582180,disarmed,52.3,1,37,
1786582181,disarmed,53.7,1,37,
1786582182,disarmed,54.8,1,37,
1786582183,disarmed,56.1,1,37,
1786582184,disarmed,57.5,1,37,
1786582185,disarmed,58.7,1,37,
1786582186,disarmed,59.8,1,37,
1786582187,disarmed,60.8,1,37,3467724
1786582188,disarmed,61.9,1,37,
1786582190,disarmed,63.1,1,37,
1786582191,disarmed,64.0,1,37,
1786582192,disarmed,65.0,1,37,
1786582193,disarmed,65.9,1,37,
1786582194,disarmed,66.8,1,37,
1786582195,disarmed,67.8,1,37,
1786582196,disarmed,68.7,1,37,
1786582197,disarmed,69.5,1,37,
1786582198,disarmed,70.2,1,37,
1786582199,disarmed,71.2,1,37,
1786582200,disarmed,66.7,1,37,
1786582201,disarmed,62.4,1,37,
1786582202,disarmed,59.0,1,37,
1786582203,disarmed,55.7,1,37,3470970
1786582204,disarmed,50.7,1,37,
1786582205,disarmed,47.7,1,37,
1786582206,disarmed,44.2,1,37,
1786582207,disarmed,41.2,1,37,
1786582208,disarmed,38.2,1,37,
1786582209,disarmed,34.3,1,37,
1786582210,disarmed,31.8,1,37,
1786582211,disarmed,29.0,1,37,
1786582212,disarmed,26.7,1,37,
1786582213,disarmed,29.7,1,37,
1786582214,disarmed,31.4,1,37,
1786582215,disarmed,33.6,1,37,
1786582216,disarmed,35.4,1,37,
1786582217,disarmed,37.1,1,37,
1786582218,disarmed,39.1,1,37,3474333
1786582219,disarmed,41.2,1,37,
1786582220,disarmed,42.9,1,37,
1786582221,disarmed,44.4,1,37,
1786582222,disarmed,46.1,1,37,
1786582223,disarmed,47.6,1,37,
1786582224,disarmed,49.4,1,37,
1786582225,disarmed,50.8,1,37,
1786582226,disarmed,52.0,1,37,
1786582227,disarmed,53.4,1,37,
1786582228,disarmed,54.9,1,37,
1786582229,disarmed,56.2,1,37,
1786582230,disarmed,57.3,1,37,
1786582231,disarmed,58.4,1,37,
1786582232,disarmed,59.5,1,37,
1786582233,disarmed,60.9,1,37,3477582
1786582234,disarmed,62.0,1,37,
1786582235,disarmed,62.9,1,37,
1786582236,disarmed,63.9,1,37,
1786582237,disarmed,64.8,1,37,
1786582238,disarmed,66.0,1,37,
1786582240,disarmed,66.9,1,37,
1786582241,disarmed,67.6,1,37,
1786582242,disarmed,68.5,1,37,
1786582243,disarmed,69.3,1,37,
1786582244,disarmed,70.3,1,37,
1786582245,disarmed,71.1,1,37,
1786582246,disarmed,67.0,1,37,
1786582247,disarmed,64.4,1,37,
1786582248,disarmed,60.4,1,37,
1786582249,disarmed,55.6,1,37,3480935
1786582250,disarmed,52.0,1,37,
1786582251,disarmed,48.5,1,37,
1786582252,disarmed,45.4,1,37,
1786582253,disarmed,41.2,1,37,
1786582254,disarmed,38.1,1,37,
1786582255,disarmed,35.4,1,37,
1786582256,disarmed,32.5,1,37,
1786582257,disarmed,30.0,1,37,
1786582258,disarmed,26.5,1,37,
1786582259,disarmed,27.8,1,37,
1786582260,disarmed,30.2,1,37,
1786582261,disarmed,31.8,1,37,
1786582262,disarmed,34.8,1,37,
1786582263,disarmed,36.8,1,37,
1786582264,disarmed,38.6,1,37,3484289
1786582265,disarmed,40.4,1,37,
1786582266,disarmed,42.0,1,37,
1786582267,disarmed,43.7,1,37,
1786582268,disarmed,45.7,1,37,
1786582269,disarmed,47.2,1,37,
1786582270,disarmed,48.7,1,37,
1786582271,disarmed,50.0,1,37,
1786582272,disarmed,51.8,1,37,
1786582273,disarmed,53.1,1,37,
1786582274,disarmed,54.3,1,37,
1786582275,disarmed,55.6,1,37,
1786582276,disarmed,56.7,1,37,
1786582277,disarmed,58.3,1,37,
1786582278,disarmed,59.3,1,37,
1786582279,disarmed,60.4,1,37,3487528
1786582280,disarmed,61.3,1,37,
1786582281,disarmed,62.4,1,37,
1786582282,disarmed,63.7,1,37,
1786582283,disarmed,64.6,1,37,
1786582284,disarmed,65.6,1,37,
1786582285,disarmed,66.4,1,37,
1786582286,disarmed,67.3,1,37,
1786582287,disarmed,68.4,1,37,
1786582288,disarmed,69.2,1,37,
1786582289,disarmed,69.9,1,37,
1786582291,disarmed,70.7,1,37,
1786582292,armed,67.8,1,37,
1786582293,armed,63.7,1,37,
1786582294,armed,59.9,1,37,
1786582295,armed,55.9,1,37,3490869
1786582296,armed,52.7,1,37,
1786582297,armed,48.7,1,37,
1786582298,armed,45.2,1,37,
1786582299,armed,42.2,1,37,
1786582300,armed,39.2,1,37,
1786582301,armed,36.0,1,37,
1786582302,armed,32.6,1,37,
1786582303,armed,29.9,1,37,
1786582304,armed,27.5,1,37,
1786582305,armed,28.6,1,37,
1786582306,armed,29.4,1,37,
1786582307,armed,32.5,1,37,
1786582308,armed,34.8,1,37,
1786582309,armed,36.5,1,37,
1786582310,armed,38.4,1,37,3494113
1786582311,armed,40.1,1,37,
1786582312,armed,42.2,1,37,
1786582313,armed,44.0,1,37,
1786582314,armed,45.4,1,37,
1786582315,armed,47.0,1,37,
1786582316,armed,48.4,1,37,
1786582317,armed,50.3,1,37,
1786582318,armed,51.5,1,37,
1786582319,armed,52.9,1,37,
1786582320,armed,54.0,1,37,
1786582321,armed,55.7,1,37,
1786582322,armed,56.9,1,37,
1786582323,armed,58.0,1,37,
1786582324,armed,59.1,1,37,
1786582325,armed,60.2,1,37,3497459
1786582326,armed,61.6,1,37,
1786582327,armed,62.6,1,37,
1786582328,armed,63.5,1,37,
1786582329,armed,64.5,1,37,
1786582330,armed,65.3,1,37,
1786582331,armed,66.5,1,37,
1786582332,armed,67.3,1,37,
1786582333,armed,68.2,1,37,
1786582334,armed,69.0,1,37,
1786582335,armed,69.7,1,37,
1786582336,armed,70.8,1,37,
1786582337,armed,68.9,1,37,
1786582338,armed,65.3,1,37,
1786582339,armed,61.1,1,37,
1786582341,armed,57.0,1,37,3500678
1786582342,armed,52.5,1,37,
1786582343,armed,49.4,1,37,
1786582344,armed,46.0,1,37,
1786582345,armed,43.1,1,37,
1786582346,armed,39.9,1,37,
1786582347,armed,36.3,1,37,
1786582348,armed,33.4,1,37,
1786582349,armed,30.8,1,37,
1786582350,armed,28.2,1,37,
1786582351,armed,28.6,1,37,
1786582352,armed,29.4,1,37,
1786582353,armed,31.7,1,37,
1786582354,armed,34.2,1,37,
1786582355,armed,35.7,1,37,
1786582356,armed,37.7,1,37,3504029
1786582357,armed,39.9,1,37,
1786582358,armed,41.7,1,37,
1786582359,armed,43.4,1,37,
1786582360,armed,44.8,1,37,
1786582361,armed,46.5,1,37,
1786582362,armed,48.3,1,37,
1786582363,armed,49.8,1,37,
1786582364,armed,51.1,1,37,
1786582365,armed,52.4,1,37,
1786582366,armed,54.1,1,37,
1786582367,armed,55.3,1,37,
1786582368,armed,56.4,1,37,
1786582369,armed,57.6,1,37,
1786582370,armed,58.7,1,37,
1786582371,armed,60.1,1,37,3507277
1786582372,armed,61.2,1,37,
1786582373,armed,62.1,1,37,
1786582374,armed,63.2,1,37,
1786582375,armed,64.1,1,37,
1786582376,armed,65.3,1,37,
1786582377,armed,66.2,1,37,
1786582378,armed,67.0,1,37,
1786582379,armed,67.9,1,37,
1786582380,armed,69.0,1,37,
1786582381,armed,69.7,1,37,
1786582382,armed,70.5,1,37,
1786582383,armed,71.2,1,37,
1786582384,armed,66.1,1,37,
1786582385,armed,62.4,1,37,
1786582386,armed,57.5,1,37,3510638
1786582387,armed,54.0,1,37,
1786582388,armed,50.8,1,37,
1786582389,armed,47.8,1,37,
1786582390,armed,43.4,1,37,
1786582392,armed,40.2,1,37,
1786582393,armed,37.5,1,37,
1786582394,armed,34.5,1,37,
1786582395,armed,31.9,1,37,
1786582396,armed,28.3,1,37,
1786582397,armed,25.8,1,37,
1786582398,armed,28.8,1,37,
1786582399,armed,31.2,1,37,
1786582400,armed,33.1,1,37,
1786582401,armed,35.7,1,37,
1786582402,armed,37.4,1,37,3513997
1786582403,armed,39.3,1,37,
1786582404,armed,41.1,1,37,
1786582405,armed,42.6,1,37,
1786582406,armed,44.8,1,37,
1786582407,armed,46.4,1,37,
1786582408,armed,47.8,1,37,
1786582409,armed,49.2,1,37,
1786582410,armed,50.6,1,37,
1786582411,armed,52.3,1,37,
1786582412,armed,53.6,1,37,
1786582413,armed,54.9,1,37,
1786582414,armed,56.1,1,37,
1786582415,armed,57.2,1,37,
1786582416,armed,58.7,1,37,
1786582417,armed,59.8,1,37,3517231
1786582418,armed,60.8,1,37,
1786582419,armed,61.9,1,37,
1786582420,armed,62.8,1,37,
1786582421,armed,64.1,1,37,
1786582422,armed,65.0,1,37,
1786582423,armed,65.9,1,37,
1786582424,armed,66.8,1,37,
1786582425,armed,67.6,1,37,
1786582426,armed,68.7,1,37,
1786582427,armed,69.4,1,37,
1786582428,armed,70.2,1,37,
1786582429,armed,71.0,1,37,
1786582430,armed,67.8,1,37,
1786582431,armed,62.4,1,37,
1786582432,armed,59.0,1,37,3520579
1786582433,armed,55.7,1,37,
1786582434,armed,52.2,1,37,
1786582435,armed,47.7,1,37,
1786582436,armed,44.3,1,37,
1786582437,armed,41.4,1,37,
1786582438,armed,38.2,1,37,
1786582439,armed,35.5,1,37,
1786582440,armed,31.7,1,37,
1786582441,armed,29.3,1,37,
1786582442,armed,26.8,1,37,
1786582444,armed,29.3,1,37,
1786582445,armed,30.3,1,37,
1786582446,armed,33.5,1,37,
1786582447,armed,34.9,1,37,
1786582448,armed,37.1,1,37,3523827
1786582449,armed,38.8,1,37,
1786582450,armed,40.7,1,37,
1786582451,armed,42.9,1,37,
1786582452,armed,44.4,1,37,
1786582453,armed,46.0,1,37,
1786582454,armed,47.4,1,37,
1786582455,armed,49.3,1,37,
1786582456,armed,50.7,1,37,
1786582457,armed,52.1,1,37,
1786582458,armed,53.2,1,37,
1786582459,armed,54.5,1,37,
1786582460,armed,56.0,1,37,
1786582461,armed,57.2,1,37,
1786582462,armed,58.3,1,37,
1786582463,armed,59.5,1,37,3527166
1786582464,armed,60.8,1,37,
1786582465,armed,61.8,1,37,
1786582466,armed,62.8,1,37,
1786582467,armed,64.0,1,37,
1786582468,armed,64.9,1,37,
1786582469,armed,65.8,1,37,
1786582470,armed,66.7,1,37,
1786582471,armed,67.6,1,37,
1786582472,armed,68.7,1,37,
1786582473,armed,69.4,1,37,
1786582474,armed,70.2,1,37,
1786582475,armed,70.9,1,37,
1786582476,armed,67.9,1,37,
1786582477,armed,63.9,1,37,
1786582478,armed,58.6,1,37,3530399
1786582479,armed,55.7,1,37,
1786582480,armed,51.9,1,37,
1786582481,armed,48.8,1,37,
1786582482,armed,44.2,1,37,
1786582483,armed,41.3,1,37,
1786582484,armed,38.2,1,37,
1786582485,armed,35.6,1,37,
1786582486,armed,32.6,1,37,
1786582487,armed,29.1,1,37,
1786582488,armed,26.8,1,37,
1786582489,armed,28.8,1,37,
1786582490,armed,30.2,1,37,
1786582492,armed,32.6,1,37,
1786582493,armed,35.0,1,37,
1786582494,armed,37.0,1,37,3533725
1786582495,armed,38.9,1,37,
1786582496,armed,40.6,1,37,
1786582497,armed,42.3,1,37,
1786582498,armed,44.3,1,37,
1786582499,armed,45.9,1,37,
1786582500,armed,47.5,1,37,
1786582501,armed,48.8,1,37,
1786582502,armed,50.7,1,37,
1786582503,armed,51.9,1,37,
1786582504,armed,53.3,1,37,
1786582505,armed,54.5,1,37,
1786582506,armed,55.7,1,37,
1786582507,armed,57.2,1,37,
1786582508,armed,58.4,1,37,
1786582509,armed,59.3,1,37,3536993
1786582510,armed,60.5,1,37,
1786582511,armed,61.7,1,37,
1786582512,armed,62.8,1,37,
1786582513,armed,63.7,1,37,
1786582514,armed,64.7,1,37,
1786582515,armed,65.5,1,37,
1786582516,armed,66.7,1,37,
1786582517,armed,67.6,1,37,
1786582518,armed,68.4,1,37,
1786582519,armed,69.2,1,37,
1786582520,armed,69.9,1,37,
1786582521,armed,70.9,1,37,
1786582522,armed,68.7,1,37,
1786582523,armed,64.8,1,37,
1786582524,armed,60.8,1,37,3540352
1786582525,armed,57.1,1,37,
1786582526,armed,52.3,1,37,
1786582527,armed,49.2,1,37,
1786582528,armed,45.7,1,37,
1786582529,armed,42.8,1,37,
1786582530,armed,38.7,1,37,
1786582531,armed,36.0,1,37,
1786582532,armed,33.1,1,37,
1786582533,armed,30.5,1,37,
1786582534,armed,27.1,1,37,
1786582535,armed,27.3,1,37,
1786582536,armed,29.4,1,37,
1786582537,armed,31.8,1,37,
1786582538,armed,34.1,1,37,
1786582539,armed,36.6,1,37,3543713
1786582540,armed,38.4,1,37,
1786582542,armed,40.1,1,37,
1786582543,armed,41.9,1,37,
1786582544,armed,43.4,1,37,
1786582545,armed,45.5,1,37,
1786582546,armed,47.2,1,37,
1786582547,armed,48.5,1,37,
1786582548,armed,49.9,1,37,
1786582549,armed,51.2,1,37,
1786582550,armed,53.0,1,37,
1786582551,armed,54.3,1,37,
1786582552,armed,55.4,1,37,
1786582553,armed,56.6,1,37,
1786582554,armed,57.7,1,37,
1786582555,armed,59.2,1,37,3546964
1786582556,armed,60.3,1,37,
1786582557,armed,61.3,1,37,
1786582558,armed,62.3,1,37,
1786582559,armed,63.3,1,37,
1786582560,armed,64.6,1,37,
1786582561,armed,65.4,1,37,
1786582562,armed,66.3,1,37,
1786582563,armed,67.1,1,37,
1786582564,armed,68.0,1,37,
1786582565,armed,69.1,1,37,
1786582566,armed,69.8,1,37,
1786582567,armed,70.6,1,37,
1786582568,armed,71.3,1,37,
1786582569,armed,66.0,1,37,
1786582570,armed,61.3,1,37,3550316
1786582571,armed,57.2,1,37,
1786582572,armed,53.8,1,37,
1786582573,armed,50.4,1,37,
1786582574,armed,47.3,1,37,
1786582575,armed,42.8,1,37,
1786582576,armed,39.6,1,37,
1786582577,armed,36.9,1,37,
1786582578,armed,34.1,1,37,
1786582579,armed,31.4,1,37,
1786582580,armed,28.0,1,37,
1786582581,armed,25.6,1,37,
1786582582,armed,29.1,1,37,
1786582583,armed,31.1,1,37,
1786582584,armed,34.3,1,37,
1786582585,armed,35.8,1,37,3553548
1786582586,armed,37.7,1,37,
1786582587,armed,39.7,1,37,
1786582588,armed,41.2,1,37,
1786582589,armed,43.4,1,37,
1786582590,armed,45.0,1,37,
1786582591,armed,46.5,1,37,
1786582593,disarmed,47.9,1,37,
1786582594,disarmed,49.4,1,37,
1786582595,disarmed,51.2,1,37,
1786582596,disarmed,52.5,1,37,
1786582597,disarmed,53.8,1,37,
1786582598,disarmed,54.9,1,37,
1786582599,disarmed,56.6,1,37,
1786582600,disarmed,57.6,1,37,
1786582601,disarmed,58.8,1,37,3556900
1786582602,disarmed,60.0,1,37,
1786582603,disarmed,60.9,1,37,
1786582604,disarmed,62.2,1,37,
1786582605,disarmed,63.2,1,37,
1786582606,disarmed,64.2,1,37,
1786582607,disarmed,65.0,1,37,
1786582608,disarmed,66.0,1,37,
1786582609,disarmed,67.1,1,37,
1786582610,disarmed,67.9,1,37,
1786582611,disarmed,68.7,1,37,
1786582612,disarmed,69.5,1,37,
1786582613,disarmed,70.3,1,37,
1786582614,disarmed,71.2,1,37,
1786582615,disarmed,66.0,1,37,
1786582616,disarmed,62.5,1,37,3560135
1786582617,disarmed,58.8,1,37,
1786582618,disarmed,54.0,1,37,
1786582619,disarmed,50.8,1,37,
1786582620,disarmed,47.3,1,37,
1786582621,disarmed,44.0,1,37,
1786582622,disarmed,41.1,1,37,
1786582623,disarmed,38.0,1,37,
1786582624,disarmed,34.4,1,37,
1786582625,disarmed,31.5,1,37,
1786582626,disarmed,29.0,1,37,
1786582627,disarmed,26.5,1,37,
1786582628,disarmed,30.3,1,37,
1786582629,disarmed,31.3,1,37,
1786582630,disarmed,33.6,1,37,
1786582631,disarmed,35.6,1,37,3563484
1786582632,disarmed,37.2,1,37,
1786582633,disarmed,39.2,1,37,
1786582634,disarmed,41.6,1,37,
1786582635,disarmed,43.1,1,37,
1786582636,disarmed,44.5,1,37,
1786582637,disarmed,46.2,1,37,
1786582638,disarmed,47.7,1,37,
1786582639,disarmed,49.6,1,37,
1786582640,disarmed,51.0,1,37,
1786582641,disarmed,52.2,1,37,
1786582642,disarmed,53.5,1,37,
1786582644,disarmed,54.7,1,37,
1786582645,disarmed,56.3,1,37,
1786582646,disarmed,57.5,1,37,
1786582647,disarmed,58.6,1,37,3566725
1786582648,disarmed,59.7,1,37,
1786582649,disarmed,60.8,1,37,
1786582650,disarmed,62.1,1,37,
1786582651,disarmed,63.0,1,37,
1786582652,disarmed,64.0,1,37,
1786582653,disarmed,64.9,1,37,
1786582654,disarmed,66.0,1,37,
1786582655,disarmed,67.0,1,37,
1786582656,disarmed,67.8,1,37,
1786582657,disarmed,68.6,1,37,
1786582658,disarmed,69.3,1,37,
1786582659,disarmed,70.4,1,37,
1786582660,disarmed,71.1,1,37,
1786582661,disarmed,65.8,1,37,
1786582662,disarmed,62.8,1,37,3570087
1786582663,disarmed,59.8,1,37,
1786582664,disarmed,54.9,1,37,
1786582665,disarmed,51.4,1,37,
1786582666,disarmed,48.1,1,37,
1786582667,disarmed,44.8,1,37,
1786582668,disarmed,41.9,1,37,
1786582669,disarmed,37.8,1,37,
1786582670,disarmed,34.8,1,37,
1786582671,disarmed,32.2,1,37,
1786582672,disarmed,29.6,1,37,
1786582673,disarmed,27.2,1,37,
1786582674,disarmed,30.2,1,37,
1786582675,disarmed,31.6,1,37,
1786582676,disarmed,32.4,1,37,
1786582677,disarmed,34.9,1,37,3573330
1786582678,disarmed,36.7,1,37,
1786582679,disarmed,39.1,1,37,
1786582680,disarmed,40.7,1,37,
1786582681,disarmed,42.5,1,37,
1786582682,disarmed,44.0,1,37,
1786582683,disarmed,45.6,1,37,
1786582684,disarmed,47.7,1,37,
1786582685,disarmed,49.0,1,37,
1786582686,disarmed,50.5,1,37,
1786582687,disarmed,51.7,1,37,
1786582688,disarmed,53.1,1,37,
1786582689,disarmed,54.7,1,37,
1786582690,disarmed,55.9,1,37,
1786582691,disarmed,57.1,1,37,
1786582692,disarmed,58.1,1,37,3576662
1786582693,disarmed,59.6,1,37,
1786582694,disarmed,60.6,1,37,
1786582696,disarmed,61.7,1,37,
1786582697,disarmed,62.6,1,37,
1786582698,disarmed,63.6,1,37,
1786582699,disarmed,64.9,1,37,
1786582700,disarmed,65.7,1,37,
1786582701,disarmed,66.6,1,37,
1786582702,disarmed,67.4,1,37,
1786582703,disarmed,68.3,1,37,
1786582704,disarmed,69.3,1,37,
1786582705,disarmed,70.1,1,37,
1786582706,disarmed,70.9,1,37,
1786582707,disarmed,68.4,1,37,
1786582708,disarmed,62.8,1,37,3580001
1786582709,disarmed,60.0,1,37,
1786582710,disarmed,55.7,1,37,
1786582711,disarmed,52.2,1,37,
1786582712,disarmed,49.2,1,37,
1786582713,disarmed,44.6,1,37,
1786582714,disarmed,41.8,1,37,
1786582715,disarmed,38.7,1,37,
1786582716,disarmed,35.9,1,37,
1786582717,disarmed,33.0,1,37,
1786582718,disarmed,29.5,1,37,
1786582719,disarmed,27.0,1,37,
1786582720,disarmed,27.3,1,37,
1786582721,disarmed,29.5,1,37,
1786582722,disarmed,31.9,1,37,
1786582723,disarmed,34.9,1,37,3583249
1786582724,disarmed,36.7,1,37,
1786582725,disarmed,38.6,1,37,
1786582726,disarmed,40.2,1,37,
1786582727,disarmed,42.0,1,37,
1786582728,disarmed,44.2,1,37,
1786582729,disarmed,45.6,1,37,
1786582730,disarmed,47.2,1,37,
1786582731,disarmed,48.5,1,37,
1786582732,disarmed,50.0,1,37,
1786582733,disarmed,51.8,1,37,
1786582734,disarmed,53.0,1,37,
1786582735,disarmed,54.3,1,37,
1786582736,disarmed,55.5,1,37,
1786582737,disarmed,56.7,1,37,
1786582738,disarmed,58.3,1,37,3586586
1786582739,disarmed,59.3,1,37,
1786582740,disarmed,60.2,1,37,
1786582741,disarmed,61.4,1,37,
1786582742,disarmed,62.7,1,37,
1786582743,disarmed,63.6,1,37,
1786582744,disarmed,64.5,1,37,
1786582745,disarmed,65.4,1,37,
1786582746,disarmed,66.3,1,37,
1786582748,disarmed,67.4,1,37,
1786582749,disarmed,68.3,1,37,
1786582750,disarmed,69.0,1,37,
1786582751,disarmed,69.8,1,37,
1786582752,disarmed,70.8,1,37,
1786582753,disarmed,67.8,1,37,
1786582754,disarmed,65.6,1,37,3589832
1786582755,disarmed,61.0,1,37,
1786582756,disarmed,57.6,1,37,
1786582757,disarmed,53.1,1,37,
1786582758,disarmed,49.6,1,37,
1786582759,disarmed,46.6,1,37,
1786582760,disarmed,43.1,1,37,
1786582761,disarmed,40.4,1,37,
1786582762,disarmed,36.4,1,37,
1786582763,disarmed,33.6,1,37,
1786582764,disarmed,30.8,1,37,
1786582765,disarmed,28.3,1,37,
1786582766,disarmed,28.8,1,37,
1786582767,disarmed,29.8,1,37,
1786582768,disarmed,32.2,1,37,
1786582769,disarmed,34.3,1,37,3593193
1786582770,disarmed,36.1,1,37,
1786582771,disarmed,38.6,1,37,
1786582772,disarmed,40.3,1,37,
1786582773,disarmed,42.0,1,37,
1786582774,disarmed,43.5,1,37,
1786582775,disarmed,45.2,1,37,
1786582776,disarmed,47.2,1,37,
1786582777,disarmed,48.5,1,37,
1786582778,disarmed,49.9,1,37,
1786582779,disarmed,51.3,1,37,
1786582780,disarmed,53.1,1,37,
1786582781,disarmed,54.3,1,37,
1786582782,disarmed,55.5,1,37,
1786582783,disarmed,56.6,1,37,
1786582784,disarmed,57.8,1,37,3596437
1786582785,disarmed,59.3,1,37,
1786582786,disarmed,60.3,1,37,
1786582787,disarmed,61.4,1,37,
1786582788,disarmed,62.3,1,37,
1786582789,disarmed,63.7,1,37,
1786582790,disarmed,64.5,1,37,
1786582791,disarmed,65.4,1,37,
1786582792,disarmed,66.3,1,37,
1786582793,disarmed,67.2,1,37,
1786582794,disarmed,68.3,1,37,
1786582795,disarmed,69.0,1,37,
1786582796,disarmed,69.8,1,37,
1786582798,disarmed,70.6,1,37,
1786582799,disarmed,70.7,1,37,
1786582800,disarmed,64.7,1,37,3599800
1786582801,disarmed,61.1,1,37,
1786582802,disarmed,56.9,1,37,
1786582803,disarmed,53.2,1,37,
1786582804,disarmed,50.2,1,37,
1786582805,disarmed,45.6,1,37,
1786582806,disarmed,42.5,1,37,
1786582807,disarmed,39.4,1,37,
1786582808,disarmed,36.8,1,37,
1786582809,disarmed,33.8,1,37,
1786582810,disarmed,30.5,1,37,
1786582811,disarmed,27.7,1,37,
1786582812,disarmed,27.8,1,37,
1786582813,disarmed,29.4,1,37,
1786582814,disarmed,32.5,1,37,
1786582815,disarmed,34.3,1,37,3603030
1786582816,disarmed,36.5,1,37,
1786582817,disarmed,38.1,1,37,
1786582818,disarmed,40.0,1,37,
1786582819,disarmed,41.7,1,37,
1786582820,disarmed,43.8,1,37,
1786582821,disarmed,45.4,1,37,
1786582822,disarmed,46.8,1,37,
1786582823,disarmed,48.3,1,37,
1786582824,disarmed,50.1,1,37,
1786582825,disarmed,51.5,1,37,
1786582826,disarmed,52.9,1,37,
1786582827,disarmed,54.0,1,37,
1786582828,disarmed,55.4,1,37,
1786582829,disarmed,56.8,1,37,
1786582830,disarmed,58.0,1,37,3606399
1786582831,disarmed,59.1,1,37,
1786582832,disarmed,60.1,1,37,
1786582833,disarmed,61.2,1,37,
1786582834,disarmed,62.4,1,37,
1786582835,disarmed,63.5,1,37,
1786582836,disarmed,64.4,1,37,
1786582837,disarmed,65.3,1,37,
1786582838,disarmed,66.3,1,37,
1786582839,disarmed,67.3,1,37,
1786582840,disarmed,68.2,1,37,
1786582841,disarmed,68.9,1,37,
1786582842,disarmed,69.8,1,37,
1786582843,disarmed,70.5,1,37,
1786582844,disarmed,68.9,1,37,
1786582845,disarmed,65.4,1,37,3609622
1786582846,disarmed,60.7,1,37,
1786582847,disarmed,57.6,1,37,
1786582849,disarmed,54.1,1,37,
1786582850,disarmed,49.9,1,37,
1786582851,disarmed,46.5,1,37,
1786582852,disarmed,43.4,1,37,
1786582853,disarmed,40.1,1,37,
1786582854,disarmed,37.0,1,37,
1786582855,disarmed,33.6,1,37,
1786582856,disarmed,30.8,1,37,
1786582857,disarmed,28.4,1,37,
1786582858,disarmed,25.9,1,37,
1786582859,disarmed,29.8,1,37,
1786582860,disarmed,32.0,1,37,
1786582861,disarmed,34.5,1,37,3612967
1786582862,disarmed,36.1,1,37,
1786582863,disarmed,38.0,1,37,
1786582864,disarmed,40.2,1,37,
1786582865,disarmed,41.9,1,37,
1786582866,disarmed,43.5,1,37,
1786582867,disarmed,45.2,1,37,
1786582868,disarmed,46.7,1,37,
1786582869,disarmed,48.5,1,37,
1786582870,disarmed,50.0,1,37,
1786582871,disarmed,51.4,1,37,
1786582872,disarmed,52.6,1,37,
1786582873,disarmed,53.8,1,37,
1786582874,disarmed,55.5,1,37,
1786582875,disarmed,56.6,1,37,
1786582876,disarmed,57.8,1,37,3616288
1786582877,disarmed,59.0,1,37,
1786582878,disarmed,60.3,1,37,
1786582879,disarmed,61.4,1,37,
1786582880,disarmed,62.3,1,37,
1786582881,disarmed,63.3,1,37,
1786582882,disarmed,64.3,1,37,
1786582883,disarmed,65.4,1,37,
1786582884,disarmed,66.4,1,37,
1786582885,disarmed,67.2,1,37,
1786582886,disarmed,68.0,1,37,
1786582887,disarmed,68.9,1,37,
1786582888,disarmed,69.6,1,37,
1786582889,disarmed,70.6,1,37,
1786582890,disarmed,69.3,1,37,
1786582891,disarmed,65.8,1,37,3619528
1786582892,armed,60.7,1,37,
1786582893,armed,57.5,1,37,
1786582894,armed,53.2,1,37,
1786582895,armed,49.8,1,37,
1786582896,armed,46.3,1,37,
1786582897,armed,43.2,1,37,
1786582899,armed,40.0,1,37,
1786582900,armed,37.4,1,37,
1786582901,armed,33.6,1,37,
1786582902,armed,30.8,1,37,
1786582903,armed,28.3,1,37,
1786582904,armed,25.8,1,37,
1786582905,armed,29.5,1,37,
1786582906,armed,31.9,1,37,
1786582907,armed,34.4,1,37,3622886
1786582908,armed,36.0,1,37,
1786582909,armed,37.9,1,37,
1786582910,armed,40.3,1,37,
1786582911,armed,41.9,1,37,
1786582912,armed,43.6,1,37,
1786582913,armed,45.1,1,37,
1786582914,armed,46.6,1,37,
1786582915,armed,48.1,1,37,
1786582916,armed,50.0,1,37,
1786582917,armed,51.3,1,37,
1786582918,armed,52.6,1,37,
1786582919,armed,53.9,1,37,
1786582920,armed,55.4,1,37,
1786582921,armed,56.7,1,37,
1786582922,armed,57.8,1,37,3626148
1786582923,armed,58.9,1,37,
1786582924,armed,60.0,1,37,
1786582925,armed,61.3,1,37,
1786582926,armed,62.4,1,37,
1786582927,armed,63.3,1,37,
1786582928,armed,64.2,1,37,
1786582929,armed,65.2,1,37,
1786582930,armed,66.3,1,37,
1786582931,armed,67.2,1,37,
1786582932,armed,68.0,1,37,
1786582933,armed,68.8,1,37,
1786582934,armed,69.6,1,37,
1786582935,armed,70.6,1,37,
1786582936,armed,70.5,1,37,
1786582937,armed,66.0,1,37,3629476
1786582938,armed,61.9,1,37,
1786582939,armed,58.3,1,37,
1786582940,armed,53.6,1,37,
1786582941,armed,50.1,1,37,
1786582942,armed,47.0,1,37,
1786582943,armed,43.7,1,37,
1786582944,armed,40.8,1,37,
1786582945,armed,36.8,1,37,
1786582946,armed,33.8,1,37,
1786582947,armed,31.3,1,37,
1786582948,armed,28.6,1,37,
1786582949,armed,26.4,1,37,
1786582951,armed,29.3,1,37,
1786582952,armed,31.6,1,37,
1786582953,armed,33.6,1,37,3632721
1786582954,armed,35.7,1,37,
1786582955,armed,37.4,1,37,
1786582956,armed,39.9,1,37,
1786582957,armed,41.7,1,37,
1786582958,armed,43.2,1,37,
1786582959,armed,44.8,1,37,
1786582960,armed,46.2,1,37,
1786582961,armed,48.2,1,37,
1786582962,armed,49.6,1,37,
1786582963,armed,51.0,1,37,
1786582964,armed,52.4,1,37,
1786582965,armed,54.0,1,37,
1786582966,armed,55.2,1,37,
1786582967,armed,56.4,1,37,
1786582968,armed,57.6,1,37,3636074
1786582969,armed,58.6,1,37,
1786582970,armed,60.0,1,37,
1786582971,armed,61.1,1,37,
1786582972,armed,62.1,1,37,
1786582973,armed,63.0,1,37,
1786582974,armed,64.3,1,37,
1786582975,armed,65.2,1,37,
1786582976,armed,66.1,1,37,
1786582977,armed,67.0,1,37,
1786582978,armed,67.8,1,37,
1786582979,armed,68.9,1,37,
1786582980,armed,69.6,1,37,
1786582981,armed,70.4,1,37,
1786582982,armed,71.1,1,37,
1786582983,armed,66.7,1,37,3639318
1786582984,armed,62.0,1,37,
1786582985,armed,58.0,1,37,
1786582986,armed,54.6,1,37,
1786582987,armed,51.1,1,37,
1786582988,armed,46.8,1,37,
1786582989,armed,43.6,1,37,
1786582990,armed,40.4,1,37,
1786582991,armed,37.8,1,37,
1786582992,armed,34.8,1,37,
1786582993,armed,31.3,1,37,
1786582994,armed,28.6,1,37,
1786582995,armed,26.3,1,37,
1786582996,armed,29.2,1,37,
1786582997,armed,31.5,1,37,
1786582998,armed,34.0,1,37,3642670
1786582999,armed,35.6,1,37,
1786583000,armed,37.5,1,37,
1786583002,armed,39.2,1,37,
1786583003,armed,41.4,1,37,
1786583004,armed,43.2,1,37,
1786583005,armed,44.7,1,37,
1786583006,armed,46.3,1,37,
1786583007,armed,47.7,1,37,
1786583008,armed,49.6,1,37,
1786583009,armed,50.8,1,37,
1786583010,armed,52.2,1,37,
1786583011,armed,53.6,1,37,
1786583012,armed,55.1,1,37,
1786583013,armed,56.4,1,37,
1786583014,armed,57.4,1,37,3646032
1786583015,armed,58.6,1,37,
1786583016,armed,59.6,1,37,
1786583017,armed,61.1,1,37,
1786583018,armed,62.1,1,37,
1786583019,armed,63.1,1,37,
1786583020,armed,64.0,1,37,
1786583021,armed,65.2,1,37,
1786583022,armed,66.1,1,37,
1786583023,armed,66.9,1,37,
1786583024,armed,67.8,1,37,
1786583025,armed,68.5,1,37,
1786583026,armed,69.6,1,37,
1786583027,armed,70.4,1,37,
1786583028,armed,71.1,1,37,
1786583029,armed,66.6,1,37,3649285
1786583030,armed,62.3,1,37,
1786583031,armed,58.2,1,37,
1786583032,armed,54.6,1,37,
1786583033,armed,51.2,1,37,
1786583034,armed,47.9,1,37,
1786583035,armed,43.6,1,37,
1786583036,armed,40.8,1,37,
1786583037,armed,37.6,1,37,
1786583038,armed,35.0,1,37,
1786583039,armed,32.1,1,37,
1786583040,armed,29.3,1,37,
1786583041,armed,26.0,1,37,
1786583042,armed,28.8,1,37,
1786583043,armed,31.4,1,37,
1786583044,armed,32.5,1,37,3652636
1786583045,armed,35.6,1,37,
1786583046,armed,37.6,1,37,
1786583047,armed,39.2,1,37,
1786583048,armed,41.1,1,37,
1786583049,armed,42.6,1,37,
1786583050,armed,44.7,1,37,
1786583051,armed,46.2,1,37,
1786583052,armed,47.7,1,37,
1786583054,armed,49.1,1,37,
1786583055,armed,50.5,1,37,
1786583056,armed,52.3,1,37,
1786583057,armed,53.5,1,37,
1786583058,armed,54.8,1,37,
1786583059,armed,55.9,1,37,
1786583060,armed,57.1,1,37,3655874
1786583061,armed,58.6,1,37,
1786583062,armed,59.6,1,37,
1786583063,armed,60.7,1,37,
1786583064,armed,61.8,1,37,
1786583065,armed,62.6,1,37,
1786583066,armed,63.9,1,37,
1786583067,armed,64.9,1,37,
1786583068,armed,65.8,1,37,
1786583069,armed,66.7,1,37,
1786583070,armed,67.5,1,37,
1786583071,armed,68.6,1,37,
1786583072,armed,69.4,1,37,
1786583073,armed,70.1,1,37,
1786583074,armed,70.9,1,37,
1786583075,armed,67.9,1,37,3659212
1786583076,armed,62.6,1,37,
1786583077,armed,59.4,1,37,
1786583078,armed,55.7,1,37,
1786583079,armed,52.4,1,37,
1786583080,armed,49.1,1,37,
1786583081,armed,44.7,1,37,
1786583082,armed,41.6,1,37,
1786583083,armed,38.6,1,37,
1786583084,armed,35.7,1,37,
1786583085,armed,33.1,1,37,
1786583086,armed,29.5,1,37,
1786583087,armed,26.9,1,37,
1786583088,armed,28.2,1,37,
1786583089,armed,30.1,1,37,
1786583090,armed,32.1,1,37,3662466
1786583091,armed,35.0,1,37,
1786583092,armed,36.9,1,37,
1786583093,armed,38.7,1,37,
1786583094,armed,40.5,1,37,
1786583095,armed,42.1,1,37,
1786583096,armed,44.3,1,37,
1786583097,armed,45.8,1,37,
1786583098,armed,47.3,1,37,
1786583099,armed,48.7,1,37,
1786583100,armed,50.5,1,37,
1786583101,armed,52.0,1,37,
1786583102,armed,53.1,1,37,
1786583103,armed,54.5,1,37,
1786583104,armed,55.6,1,37,
1786583106,armed,57.2,1,37,3665792
1786583107,armed,58.3,1,37,
1786583108,armed,59.4,1,37,
1786583109,armed,60.4,1,37,
1786583110,armed,61.5,1,37,
1786583111,armed,62.8,1,37,
1786583112,armed,63.7,1,37,
1786583113,armed,64.7,1,37,
1786583114,armed,65.5,1,37,
1786583115,armed,66.7,1,37,
1786583116,armed,67.6,1,37,
1786583117,armed,68.4,1,37,
1786583118,armed,69.2,1,37,
1786583119,armed,69.9,1,37,
1786583120,armed,71.0,1,37,
1786583121,armed,68.1,1,37,3669033
1786583122,armed,63.8,1,37,
1786583123,armed,60.5,1,37,
1786583124,armed,56.5,1,37,
1786583125,armed,51.8,1,37,
1786583126,armed,48.5,1,37,
1786583127,armed,45.3,1,37,
1786583128,armed,42.2,1,37,
1786583129,armed,38.2,1,37,
1786583130,armed,35.5,1,37,
1786583131,armed,32.6,1,37,
1786583132,armed,30.2,1,37,
1786583133,armed,27.5,1,37,
1786583134,armed,29.6,1,37,
1786583135,armed,30.6,1,37,
1786583136,armed,32.3,1,37,3672387
1786583137,armed,34.5,1,37,
1786583138,armed,37.1,1,37,
1786583139,armed,38.8,1,37,
1786583140,armed,40.7,1,37,
1786583141,armed,42.3,1,37,
1786583142,armed,44.0,1,37,
1786583143,armed,45.9,1,37,
1786583144,armed,47.5,1,37,
1786583145,armed,48.8,1,37,
1786583146,armed,50.2,1,37,
1786583147,armed,51.9,1,37,
1786583148,armed,53.3,1,37,
1786583149,armed,54.6,1,37,
1786583150,armed,55.7,1,37,
1786583151,armed,56.9,1,37,3675619
1786583152,armed,58.4,1,37,
1786583153,armed,59.5,1,37,
1786583154,armed,60.5,1,37,
1786583156,armed,61.6,1,37,
1786583157,armed,62.8,1,37,
1786583158,armed,63.8,1,37,
1786583159,armed,64.8,1,37,
1786583160,armed,65.6,1,37,
1786583161,armed,66.5,1,37,
1786583162,armed,67.3,1,37,
1786583163,armed,68.4,1,37,
1786583164,armed,69.3,1,37,
1786583165,armed,70.0,1,37,
1786583166,armed,70.7,1,37,
1786583167,armed,69.3,1,37,3678969
1786583168,armed,64.0,1,37,
1786583169,armed,60.1,1,37,
1786583170,armed,56.7,1,37,
1786583171,armed,52.9,1,37,
1786583172,armed,49.8,1,37,
1786583173,armed,45.2,1,37,
1786583174,armed,42.4,1,37,
1786583175,armed,39.2,1,37,
1786583176,armed,36.5,1,37,
1786583177,armed,32.7,1,37,
1786583178,armed,29.9,1,37,
1786583179,armed,27.6,1,37,
1786583180,armed,27.4,1,37,
1786583181,armed,29.5,1,37,
1786583182,armed,32.4,1,37,3682216
1786583183,armed,34.8,1,37,
1786583184,armed,36.5,1,37,
1786583185,armed,38.4,1,37,
1786583186,armed,40.0,1,37,
1786583187,armed,42.3,1,37,
1786583188,armed,43.8,1,37,
1786583189,armed,45.4,1,37,
1786583190,armed,47.0,1,37,
1786583191,armed,48.4,1,37,
